Filtered prefixes @ https://lg.de-cix.net | ASN | NAME | Contacts | PeeringDB link
530553 | 6939 | HURRICANE | hostmaster@he.net,abuse@he.net | https://www.peeringdb.com/asn/6939
148812 | 6762 | SEABONE-NET | tech@seabone.net,abuse@seabone.net,peering@seabone.net,francesco.chiappini@telecomitalia.it | https://www.peeringdb.com/asn/6762
15227 | 12956 | TELXIUS | abuse.businesssolutions@telefonica.com,security.globalsolutions@telefonica.com,csirt.telxius@telxius.com,abuse.globalsolutions@telefonica.com,ip_coord.globalsolutions@telefonica.com,csirt@telefonica.com,abuse.tiws@telefonica.com,hector.navas@telefonica.com,noelia.silva@telxius.com,oscar.oliva@telefonica.com,rebecabelen.jarabogomez@telefonica.com | https://www.peeringdb.com/asn/12956
13972 | 2914 | NTT-LTD-2914 | peering@ntt.net,support@us.ntt.net,abuse@ntt.net,ipr@gin.ntt.net,massimo@ntt.net | https://www.peeringdb.com/asn/2914
11976 | 4229 | ZEN-NET | abuse@zenlayer.com,globalnetworkoperationscenter@zenlayer.com,ipadmin@zenlayer.com,gfs-gnoc@zenlayer.com | https://www.peeringdb.com/asn/4229
9202 | 9498 | BBIL-AP | ip.misuse@airtel.com,apnic@airtel.com,noc-dataprov@airtel.com | https://www.peeringdb.com/asn/9498
6100 | 262589 | INTERNEXA Brasil Operadora de Telecomunicai¿½i¿½es S.A |  | https://www.peeringdb.com/asn/262589
4284 | 9009 | M247 | abuse@m247.ro,ro-legal@m247.ro,nmc@m247.ro,nmc@m247.com,noc@m247.ro | https://www.peeringdb.com/asn/9009
3966 | 137409 | GSLNETWORKS-AS-AP | noc@gslnetworks.com.au | https://www.peeringdb.com/asn/137409
3652 | 9304 | HUTCHISON-AS-AP | abuse@on-nets.com,charleslwh@hgc.com.hk,support.dia@hgc.com.hk | https://www.peeringdb.com/asn/9304
3150 | 37100 | SEACOM-AS | abuse@seacom.mu,mayoye@seacom.mu,mark.tinka@seacom.mu,kyalo.mutisya@seacom.com,mayoye@seacom.com | https://www.peeringdb.com/asn/37100
2834 | 6461 | ZAYO-6461 | ipeng@zayo.com,abuse@zayo.com | https://www.peeringdb.com/asn/6461
2504 | 35280 | F5 | abuse@f5.com,f5-cloud-netops@f5.com | https://www.peeringdb.com/asn/35280
2337 | 37468 | ANGOLA-CABLES | frederico.oliveira@angolacables.co.ao,constantino.mbaca@angolacables.co.ao,antonio.nunes@angolacables.co.ao,darwin.costa@angolacables.co.ao,lucenildo.junior@angolacables.co.ao,marinela.liomba@angolacables.co.ao,bernd.spiess@de-cix.net | https://www.peeringdb.com/asn/37468
2080 | 4134 | CHINANET-BACKBONE | anti-spam@chinatelecom.cn | https://www.peeringdb.com/asn/4134
1946 | 30844 | LIQUID-AS | abuse@liquidtelecom.com,peering@liquidtelecom.com,noc@liquidtelecom.com,ben.roberts@econetcarrier.com | https://www.peeringdb.com/asn/30844
1881 | 23764 | CTGNet | guohf@chinatelecomglobal.com,noc@chinatelecomglobal.com | https://www.peeringdb.com/asn/23764
1846 | 64049 | RJIPL-SG | rjipl.ipabuse@ril.com | https://www.peeringdb.com/asn/64049
1840 | 34984 | TELLCOM-AS | abuse@turkcell.com.tr,team-ipmpls@superonline.net | https://www.peeringdb.com/asn/34984
1778 | 45489 | SLT-GLOBAL | abuse@slt.lk,nwadmin@slt.com.lk,kaushalya@slt.com.lk | https://www.peeringdb.com/asn/45489
1714 | 6774 | ASN-BICS | abuse@bics.com,peering@bics.com,customer.care@bics.com,ripe-hostmaster@bics.com,ripe-hostmaster@belgacom-ics.com | https://www.peeringdb.com/asn/6774
1697 | 9583 | SIFY-AS-IN | abuse@sifycorp.com,ipadmin@sifycorp.com | https://www.peeringdb.com/asn/9583
1678 | 58453 | CMI-INT-HK | abuse@cmi.chinamobile.com,murinelee@cmi.chinamobile.com,peering@cmi.chinamobile.com,noc@cmi.chinamobile.com | https://www.peeringdb.com/asn/58453
1655 | 52320 | GlobeNet Cabos Submarinos Colombia, S.A.S. | jose.siqueira@vtal.com,abuse@vtal.com | https://www.peeringdb.com/asn/52320
1616 | 41327 | FIBERTELECOM-AS | abuse@fibertelecom.it,info@fibertelecom.it,noc@fibertelecom.it,m.leone@fibertelecom.it | https://www.peeringdb.com/asn/41327
1205 | 5713 | SAIX-NET | bezuidp@telkom.co.za,dpreezjp@telkom.co.za,martinvdm@openserve.co.za,terenced1@openserve.co.za,abuse@saix.net,regulatoryadmin@telkom.co.za,nnoc@saix.net,johan@saix.net,dnsadmin@saix.net,pieter@saix.net | https://www.peeringdb.com/asn/5713
1044 | 6663 | TTI-NET | abuse@euroweb.ro,lir@euroweb.ro,noc@euroweb.ro,noc-ip@pantel.co | https://www.peeringdb.com/asn/6663
982 | 58299 | OPENFACTORY-AS | abuse@as58299.net,factory@openfactory.ch,support@openfactory.ch | https://www.peeringdb.com/asn/58299
958 | 34549 | MEER-AS | abuse@meerfarbig.net,peering@meerfarbig.net,noc@meerfarbig.net | https://www.peeringdb.com/asn/34549
912 | 20473 | AS-CHOOPA | network@constant.com,abuse@constant.com | https://www.peeringdb.com/asn/20473
906 | 1828 | UNITAS | support@unitasglobal.com,abuse@unitasglobal.com,mike.simkins@packetfabric.com | https://www.peeringdb.com/asn/1828
894 | 9002 | RETN-AS | abuse@retn.net,peering@retn.net,ds@retn.net,admin@retn.net,sales@retn.net,noc@retn.net,postmaster@retn.net | https://www.peeringdb.com/asn/9002
848 | 7049 | Silica Networks Argentina S.A. | abuse-silica@datco.net | https://www.peeringdb.com/asn/7049
760 | 25091 | IP-MAX | abuse@ip-max.net,lir@ip-max.net,hostmaster@ip-max.net | https://www.peeringdb.com/asn/25091
750 | 8551 | BEZEQ-INTERNATIONAL-AS | abuse@bezeqint.net,peering@bezeqint.co.il,hostmaster@bezeqint.net,networkingisp@bezeqint.co.il | https://www.peeringdb.com/asn/8551
716 | 3209 | VODANET | abuse.de@vodafone.com,abuse@vodafone.com,danubiusnoc-de-fo-fixed_ro@vodafone.com,peering.3209@vodafone.com,ip-registry@vodafone.com,peering@adm.arcor.net,ip-registry@arcor.net,postmaster@vodafone-ip.de | https://www.peeringdb.com/asn/3209
716 | 15830 | Equinix | smc@equinix.com,ripe@eu.equinix.com,smc_emea@equinix.com | https://www.peeringdb.com/asn/15830
706 | 37662 | WIOCC-AS | noc@wiocc.net,felix.musau@wiocc.net,jackson.tarus@wiocc.net,michael.odongo@wiocc.net,george.njeru@wiocc.net,george.owuor@wiocc.net | https://www.peeringdb.com/asn/37662
665 | 8359 | MTS | abuse@mtu.ru,noc@mtu.ru,postmaster@mtu.ru,ddos-reports@mtu.ru,lir@mtu.ru | https://www.peeringdb.com/asn/8359
649 | 36873 | VNL1-AS | ps_core_bo@ng.airtel.com,olusegun.oyetunji@ng.airtel.com,olatunde.olajire@ng.airtel.com,deji.somefuna@ng.airtel.com,deji.somefun@ng.airtel.com,oladimeji.adeyemo@ng.airtel.com,adebayo.juba@ng.airtel.com,oluwaseun.adebajo@ng.airtel.com | https://www.peeringdb.com/asn/36873
648 | 35753 | ITC | abuse@itc.sa,int-reg@itc.net.sa,nas@salam.sa,b.aldrewesh@itc.sa | https://www.peeringdb.com/asn/35753
624 | 29119 | SERVIHOSTING-AS | abuse@airenetworks.es,peering@airenetworks.es,abuse@servihosting.es,m.tecles@servihosting.es,ripe@servihosting.es,ripe@airenetworks.es | https://www.peeringdb.com/asn/29119
618 | 13194 | BITE | abuse@bi.lt,registry@bi.lt,noc@bi.lt | https://www.peeringdb.com/asn/13194
612 | 43727 | KVANT-TELECOM | abuse@kvant-telecom.ru,ogion@kvant-telecom.ru | https://www.peeringdb.com/asn/43727
602 | 8881 | VERSATEL | abuse@1und1.net,peering@versatel.de,internet-engineering@1und1.net | https://www.peeringdb.com/asn/8881
559 | 39386 | STC-IGW-AS | registry@stc.com.sa,araiyes@stc.com.sa,registry@saudi.net.sa | https://www.peeringdb.com/asn/39386
556 | 21574 | Century Telecom Ltda |  | https://www.peeringdb.com/asn/21574
544 | 29838 | AMC | service@365datacenters.com,smoreno@365datacenters.com,abuse@atlanticmetro.net,payables@365datacenters.com | https://www.peeringdb.com/asn/29838
508 | 53427 | TGLOBAL-NETWORKS | noc@tglobalnetworks.com | https://www.peeringdb.com/asn/53427
496 | 17557 | PKTELECOM-AS-PK | abuse.irt@ptcl.net,csirt@ptcl.net,sana.ullah@ptcl.net.pk,munir.ahmed@ptcl.net.pk,yasir.ahmad@ptcl.net.pk | https://www.peeringdb.com/asn/17557
496 | 50629 | LWLCOM | abuse@lwlcom.com,peering@lwlcom.net,noc@lwlcom.net,noc@lwlcom.com | https://www.peeringdb.com/asn/50629
486 | 4788 | TTSSB-MY | abuse@tm.com.my,ipn@webe.com.my,ipcore.operation@webe.com.my | https://www.peeringdb.com/asn/4788
470 | 12695 | DINET-AS | lir@di-net.ru,abuse@msm.ru,noc@msm.ru | https://www.peeringdb.com/asn/12695
452 | 31027 | GlobalConnect-AS31027 | abuse@globalconnect.dk,omc@globalconnect.dk,peering@globalconnect.dk,ripe@globalconnect.dk | https://www.peeringdb.com/asn/31027
452 | 199524 | GCORE | abuse@gcore.lu,noc@gcore.lu,noc@gcore.com | https://www.peeringdb.com/asn/199524
432 | 22356 | LACNIC-22356 |  | https://www.peeringdb.com/asn/22356
415 | 201053 | EPIX-Transit-AS | abuse-group@epix.net.pl,biuro@e-poludnie.pl,akiermasz@artcom.pl | https://www.peeringdb.com/asn/201053
398 | 8218 | NEO-ASN | abuse@zayo.com,fr-ncc@zayo.com,noc@as8218.eu,abuse@as8218.eu,vincent.gillet@zayo.com,vgi@zoreil.com | https://www.peeringdb.com/asn/8218
381 | 29632 | NASSIST-AS | abuse@netassist.ua,freenetde@de-cix,stratorechenzentrum@de-cix,r-kom@de-cix,init7@de-cix,linkedin@de-cix,wvfiber@de-cix,titannet@de-cix,teledatafriedrichshafen@de-cix,trustednetwork@de-cix,severen-telecom@de-cix,core-backbone@de-cix,opencarrier@de-cix,rootlu@de-cix,infostrada@de-cix,atrato@de-cix,gts-ce@de-cix,netuse@de-cix,microsoft@de-cix,opalsolution@de-cix,ptcomunicacoes@de-cix,teresto@de-cix,noris@de-cix,scanplus@de-cix,opaltelecom@de-cix,google@kiev-10gether,telecity@de-cix,inforent@de-cix,limelightnetworks@de-cix,komro@de-cix,globalnet@de-cix,valve@de-cix,arvatosystems@de-cix,kievnet@kyivua,kyivlink@kyivua,triolan@kiev-gigabitfiber,bignet@kiev-gigabitether,interactivenetworkcommunications@de-cix,comnetintl@de-cix,prime-line@de-cix,gameforgeproductions@de-cix,dts@de-cix,serverel@nl-ix,noc@netassist.ua,dir@netassist.ltd.gi,support@netassist.ua,maxtul@netassist.ua | https://www.peeringdb.com/asn/29632
370 | 3214 | XTOM | abuse@xtom.com,noc@xtom.com,peering@xtom.com,hello@xtom.com | https://www.peeringdb.com/asn/3214
342 | 20764 | RASCOM-AS | abuse@rascom.ru,noc@rascom.ru | https://www.peeringdb.com/asn/20764
340 | 20804 | ASN-TELENERGO | abuse@exatel.pl,bok@exatel.pl,bgp@exatel.pl,registry@exatel.pl,ripe@exatel.pl | https://www.peeringdb.com/asn/20804
339 | 49666 | TIC-GW-AS | l_meybodi@tic.ir | https://www.peeringdb.com/asn/49666
326 | 20485 | TRANSTELECOM | abuse@ttk.ru,y.legeda@ttk.ru,ripe@ttk.ru,iptech@ttk.ru,peering@ttk.ru | https://www.peeringdb.com/asn/20485
296 | 28198 | SEMPRE TELECOMUNICACOES LTDA |  | https://www.peeringdb.com/asn/28198
294 | 15802 | DU-AS1 | abuse@du.ae,mohamed.kousa@du.ae,mohannad.alsayed@du.ae | https://www.peeringdb.com/asn/15802
290 | 22652 | FIBRENOIRE-INTERNET | ip-addr@fibrenoire.ca,abuse@fibrenoire.ca | https://www.peeringdb.com/asn/22652
282 | 59605 | ZAINGP-AS | ip-abuse@zainomantel.com,lir@zainomantel.com,salim.mazrui@zainomantel.com | https://www.peeringdb.com/asn/59605
280 | 61832 | Fortel Fortaleza Telecomunicacoes Ltda |  | https://www.peeringdb.com/asn/61832
276 | 47794 | ATHEEB-AS | abuse@go.com.sa,ispsupport@go.com.sa | https://www.peeringdb.com/asn/47794
272 | 31133 | MF-MGSM-AS | abuse-mailbox@megafon.ru,gnoceast_backbone@megafon.ru,gnoc_keysupport_west@megafon.ru,peering@megafon.ru,lir@megafon.ru,info@megafon.ru,lir-adm@megafon.ru,gnocwest_tr@megafon.ru,vlg-dms-ip-team@megafon.ru | https://www.peeringdb.com/asn/31133
270 | 140951 | IPTP | ncc@iptp.net,hk@iptp.net | https://www.peeringdb.com/asn/140951
268 | 1680 | NV-ASN | nvabuse@cellcom.co.il,abuse-c@cellcom.co.il,ripeadmin@cellcom.co.il,ripetech@013netvision.co.il,registrar@netvision.net.il | https://www.peeringdb.com/asn/1680
268 | 6079 | RCN-AS | abuse@rcn.com,noc@rcn.com,noc@astound.com | https://www.peeringdb.com/asn/6079
265 | 38193 | TWA-AS-AP | abuse@tw1.com,ipcontrol@tw1.com | https://www.peeringdb.com/asn/38193
262 | 62240 | Clouvider | abuse@clouvider.net,peering@clouvider.net,dominik@clouvider.co.uk,admin@clouvider.co.uk,admin@clouvider.net,noc@clouvider.net | https://www.peeringdb.com/asn/62240
253 | 58057 | SECUREBIT | abuse@securebit.ch,info@securebit.ch | https://www.peeringdb.com/asn/58057
249 | 4637 | ASN-TELSTRA-GLOBAL | abuse@intl.telstra.com,ipnoc@team.telstra.com,irt@team.telstra.com,ipnpd@team.telstra.com | https://www.peeringdb.com/asn/4637
248 | 24482 | SGGS-AS-AP | abuse@sg.gs,admin@sg.gs,sales@sg.gs | https://www.peeringdb.com/asn/24482
248 | 199995 | OT-AS | abuse@omegatelecom.ua,ripe@omegatelecom.ua,noc@omegatelecom.ua,dp@omegatelecom.ua | https://www.peeringdb.com/asn/199995
244 | 45629 | JASTEL-NETWORK-TH-AP | administrator@jastel.co.th | https://www.peeringdb.com/asn/45629
235 | 24748 | THINX_Poland | abuse@atman.pl,servicedesk@atman.pl,registry@atman.pl,noc@atman.pl | https://www.peeringdb.com/asn/24748
234 | 21413 | ENVIA-TEL-AS | abuse@envia-tel.net,registry@envia-tel.net | https://www.peeringdb.com/asn/21413
233 | 57344 | TELEHOUSE-AS | abuse@telehouse.bg,lir@telehouse.bg,noc@telehouse.bg,vnickolov@telehouse.bg | https://www.peeringdb.com/asn/57344
232 | 19551 | INCAPSULA | neteng@imperva.com,knack.black@imperva.com,nelson.caseiro@imperva.com,benedict.loh@imperva.com,ip@incapsula.com,aaron.klink@imperva.com,carl.tewksbury@imperva.com,lakshmi.chitturi@imperva.com,nitzan.gilkis@imperva.com,rir@imperva.com,abuse@incapsula.com,francis.arigo@imperva.com,lee.wooderson@imperva.com,yanay.liroz@imperva.com | https://www.peeringdb.com/asn/19551
228 | 4455 | BSO | abuse@bsonetwork.com,support@bso.co,noc@ixreach.com,support@ixreach.com | https://www.peeringdb.com/asn/4455
228 | 12552 | IPO-EU | abuse@ip-only.net,peering@ip-only.net,noc@ip-only.net,registry@ip-only.net | https://www.peeringdb.com/asn/12552
226 | 28917 | Fiord-AS | abuse@fiord.net,lt@fiord.net,ripe@fiord.net | https://www.peeringdb.com/asn/28917
226 | 21949 | BEANFIELD | abuse@beanfield.com,noc@beanfield.com | https://www.peeringdb.com/asn/21949
224 | 196844 | PIONIER-AS-ams-ix | cert@man.poznan.pl,artur@man.poznan.pl,cert@pionier.gov.pl,oper@man.lodz.pl,rszuman@man.poznan.pl,tomjab@man.poznan.pl | https://www.peeringdb.com/asn/196844
220 | 37613 | Dolphin-Telecom-AS | osama@dolphintelecom.net,info@dolphintelecom.net,senyo@dolphintelecom.net,isaac@dolphintelecom.net,noc@dolphintelecom.net,hethakesa@dolphintelecom.net | https://www.peeringdb.com/asn/37613
219 | 56382 | VSERVERLTD | abuse@vserver.site,noc@vserver.site,as@elektronik-boecker.de | https://www.peeringdb.com/asn/56382
216 | 29049 | Delta-Telecom-AS | abuse@delta-telecom.net,noc@delta-telecom.net,noc@az-ix.net,atesh@delta-telecom.net | https://www.peeringdb.com/asn/29049
210 | 8529 | OMANTEL-AS | ip-abuse@zainomantel.com,salim@omantel.om,lir@zainomantel.com,salim.mazrui@zainomantel.com | https://www.peeringdb.com/asn/8529
210 | 35297 | DATALINE-AS | abuse@dataline.ua,as@dataline.ua,noc@dataline.ua,peering@dataline.ua | https://www.peeringdb.com/asn/35297
208 | 35598 | INETCOM | abuse131@inetcom.ru,inetcom.am@gmail.com,noc@inetcom.ru | https://www.peeringdb.com/asn/35598
204 | 9050 | RTD | abuse_fix@orange.com,george.nicolae@orange.com,nocbackbone@telekom.ro | https://www.peeringdb.com/asn/9050
202 | 60171 | AFRIX-AS | noc@afr-ix.com,engineering@afr-ix.com,nalbi@afr-ix.com | https://www.peeringdb.com/asn/60171
200 | 35699 | ADAMOEU-AS | abuse@adamo.es,peering@adamo.es,noc@adamo.es | https://www.peeringdb.com/asn/35699
192 | 132602 | BANGLADESH-AS-AP | support.iig@bsccl.com | https://www.peeringdb.com/asn/132602
186 | 8400 | TELEKOM-AS | abuse@telekom.rs,admin@telekom.rs,ripe@telekom.rs | https://www.peeringdb.com/asn/8400
184 | 36994 | Vodacom-VB | jacques.hendricks@vodacom.co.za,darren.bartnicke@vodacom.co.za,ramon.dasilva@vodacom.co.za,fred.albrecht@vodacom.co.za,vanderja@vodacom.co.za | https://www.peeringdb.com/asn/36994
180 | 20928 | NOOR-AS | abuse@noor.net,core@noor.net,ceo@noor.net,mnasery@noor.net,route-policy@noorgroup.net,mohamed.mahmoud@noorgroup.net,abdelfattah.ghattas@noorgroup.net,abdelfattah.ghattas@noor.net,ramy.hashish@noor.net,abdullah.salah@noor.net,aabdelhamid@noor.net,amohamed@noor.net,amortada@noor.net,bfawzi@noor.net,eabouelsoud@noor.net,mmohey@noor.net,myousri@noor.net,tmohsen@noor.net | https://www.peeringdb.com/asn/20928
179 | 15958 | CETIN_doo_AS | net-reg@cetin.rs,info@cetin.rs,visnja.simpraga@cetin.rs | https://www.peeringdb.com/asn/15958
168 | 1267 | ASN-WINDTRE | abuse@wind.it,abuse@windtre.it,abuse@h3g.it | https://www.peeringdb.com/asn/1267
166 | 12741 | AS-NETIA | abuse@inetia.pl,bgp@netia.pl,ripe@netia.pl,noc@inetia.pl | https://www.peeringdb.com/asn/12741
166 | 23947 | MORATELINDONAP-AS-ID | abuse@moratelindo.co.id,hostmaster@moratelindo.co.id,noc@moratelindo.co.id | https://www.peeringdb.com/asn/23947
162 | 4651 | THAI-GATEWAY | noc@cat.net.th,admin-thix@cat.net.th | https://www.peeringdb.com/asn/4651
162 | 31500 | GLOBALNET-AS | vvv@gblnet.net,noc@gblnet.net,abuse@gblnet.net,noc@global-ix.ru,abuse@global-ix.ru,vvv@gblnet.ag | https://www.peeringdb.com/asn/31500
158 | 6412 | KW |  | https://www.peeringdb.com/asn/6412
156 | 14840 | LACNIC-14840 |  | https://www.peeringdb.com/asn/14840
154 | 29535 | MIX2_OpenPeering | cert.opl@orange.com,ip@orange.com,registry@tpnet.pl,abuse@tpnet.pl | https://www.peeringdb.com/asn/29535
154 | 31025 | IAG-AS | abuse@ghostnet.de,peering@iag.eu,ripereq@ghostnet.de,ripe@ghostnet.de,abuse@aixit.com,noc@ghostnet.de,schellenberg@inet.de | https://www.peeringdb.com/asn/31025
154 | 61135 | COMNET-DATACENTER-ISTANBUL | abuse@comnet.co.uk,ipmaster@comnet.co.uk | https://www.peeringdb.com/asn/61135
150 | 4230 | LACNIC-4230 |  | https://www.peeringdb.com/asn/4230
150 | 12400 | PARTNER-AS | abuse@partner.co.il,l2@012.net,dnsreg@012.net.il,ispl2@orange.co.il,ispl2@partner.co.il,abuse@012.net.il,guye@partner.co.il,abuseisp@partner.co.il | https://www.peeringdb.com/asn/12400
148 | 19151 | BBO-1 | abuse@host.net,abuse@atlanticmetro.net,service@365datacenters.com,smoreno@365datacenters.com,payables@365datacenters.com | https://www.peeringdb.com/asn/19151
146 | 132876 | SYMPHONY-AP-TH | nip@symphony.net.th,npd@symphony.net.th,ip-admin@violin.co.th | https://www.peeringdb.com/asn/132876
143 | 267613 | ELETRONET S.A. |  | https://www.peeringdb.com/asn/267613
138 | 33922 | NTT-LT-AS | abuse@ntt.lt,admin@ntt.lt,noc@ntt.lt,linas.galvanauskas@ntt.lt | https://www.peeringdb.com/asn/33922
136 | 3255 | UARNET-AS | abuse@uar.net,lir@uar.net,andrij.senyk@uar.net,oles@uar.net,vik@uar.net | https://www.peeringdb.com/asn/3255
136 | 47605 | FNE-AS | abuse@fne.fi,timo.hopponen@fne.fi | https://www.peeringdb.com/asn/47605
134 | 1820 | WNET | noc@w-net.us,abuse@w-net.us | https://www.peeringdb.com/asn/1820
132 | 47787 | EDGOO | abuse@edgoo.com,nuno@edgoo.com,info@edgoo.com,noc@edgoo.com | https://www.peeringdb.com/asn/47787
126 | 8966 | Etisalat-AS | abuse@emirates.net.ae,registrar@eand.com,lir@nic.ae | https://www.peeringdb.com/asn/8966
124 | 202766 | as-codinet | ripe@codinet.es,mariajose.campos@codinet.es,agonzalezca@lyntia.com,agonzalezca@ufinet.com | https://www.peeringdb.com/asn/202766
122 | 12912 | TMPL | abuse@t-mobile.pl,jakub.ulanowski@t-mobile.pl,ripe-admin@t-mobile.pl,ripe@t-mobile.pl | https://www.peeringdb.com/asn/12912
122 | 210513 | MASARAT-ALIRAQ | abuse@masaratiraq.com,omar.basim@masaratiraq.com,a.hussein@masaratiraq.com | https://www.peeringdb.com/asn/210513
120 | 29076 | CITYTELECOM-AS | abuse@citytelecom.ru,registry@citytelecom.ru,abuse@filanco.ru,noc@citytelecom.ru,peering@citytelecom.ru,support@citytelecom.ru,voip@citytelecom.ru | https://www.peeringdb.com/asn/29076
118 | 136106 | FIBERSTAR-AS-ID | abuse@fiberstar.co.id,peering@fiberstar.co.id,postmaster@fiberstar.co.id | https://www.peeringdb.com/asn/136106
116 | 1836 | GREEN | abuse@green.ch,noc@green.ch,info@green.ch,sales@green.ch,peering@green.ch | https://www.peeringdb.com/asn/1836
116 | 10310 | YAHOO-1 | rir-noc@yahooinc.com,rir-tech@oath.com,rir-abuse@yahooinc.com | https://www.peeringdb.com/asn/10310
115 | 61157 | PLUSSERVER-ASN1 | abuse@plusserver.com,network@plusserver.com,plusnetwork@plusserver.com,behoerdenanfragen@plusserver.com | https://www.peeringdb.com/asn/61157
113 | 13237 | LAMBDANET-AS | abuse@eunetworks.com,hostmaster@eunetworks.com,noc@eunetworks.com,karsten.koepp@eunetworks.com | https://www.peeringdb.com/asn/13237
113 | 393398 | ASN-DIS | admin-arin@vpls.net,abuse@evocative.com | https://www.peeringdb.com/asn/393398
108 | 55818 | MCIX-AS-AP | abuse@nap.net.id,noc@napinfo.co.id,hostmaster@nap.net.id,hostmaster@napinfo.co.id,lionardo.bento@napinfo.co.id | https://www.peeringdb.com/asn/55818
104 | 58212 | DATAFOREST | abuse@dataforest.net,ripe@dataforest.net | https://www.peeringdb.com/asn/58212
104 | 13767 | DATABANK-DFW | networking@databank.com,abuse@databank.com | https://www.peeringdb.com/asn/13767
102 | 13536 | TVC-AS1 | ip-admin@firstlight.net,repair@firstlight.net,ipabuse@firstlight.net | https://www.peeringdb.com/asn/13536
98 | 12874 | FASTWEB | abuse@fastweb.it,ip.registrationservice@fastweb.it | https://www.peeringdb.com/asn/12874
98 | 12479 | UNI2-AS | abuse.es@orange.com,ripemaster.es@orange.com | https://www.peeringdb.com/asn/12479
96 | 6057 | Administracion Nacional de Telecomunicaciones | uai@antel.com.uy,ipadmin@antel.net.uy | https://www.peeringdb.com/asn/6057
94 | 8220 | COLT | abuse@colt.net,peering@colt.net,nitin.gulla@colt.net,eu-ripemaster@colt.net | https://www.peeringdb.com/asn/8220
92 | 53013 | W I X NET DO BRASIL LTDA - ME |  | https://www.peeringdb.com/asn/53013
87 | 4775 | GLOBE-TELECOM-AS | cybersecurity_abuse@globe.com.ph,peering@globe.com.ph,msmalvar@globe.com.ph | https://www.peeringdb.com/asn/4775
86 | 8866 | VIVACOM-AS | abuse-ip@vivacom.bg,peering@vivacom.bg,registry-ip@vivacom.bg,lyubomir.georgiev@vivacom.bg,stanish.stanishev@vivacom.bg | https://www.peeringdb.com/asn/8866
86 | 57455 | Filanco-LTD-UA | abuse@hoster.ua,support@hoster.ua | https://www.peeringdb.com/asn/57455
84 | 12578 | APOLLO-AS | abuse@tet.lv,janis.jansons@lattelecom.lv,ansis.ailis@lattelecom.lv,tad@tet.lv,support@tet.lv | https://www.peeringdb.com/asn/12578
84 | 12430 | VODAFONE_ES | abuse@corp.vodafone.es,raul.redondo@vodafone.com,david.hernandez@vodafone.com | https://www.peeringdb.com/asn/12430
80 | 18001 | DIALOG-AS | abuse-noc@dialog.lk,ip.noc@dialog.lk,service@dialog.lk | https://www.peeringdb.com/asn/18001
80 | 35320 | ETT-AS | abuse@ett.com.ua,vshcherbak@ett.ua,noc@ett.com.ua | https://www.peeringdb.com/asn/35320
78 | 3204 | XTOM-V-PS | abuse@xtom.com,noc@xtom.com,peering@xtom.com | https://www.peeringdb.com/asn/3204
78 | 5578 | AS-BENESTRA | ripe-abuse@swan.sk,ripe-lir@swan.sk,ripe-db@swan.sk,lir@swan.sk | https://www.peeringdb.com/asn/5578
77 | 31042 | SERBIA-BROADBAND-AS | abuse@sbb.rs,office@sbb.co.rs,ripe@sbb.rs,dragoljub.spasojevic@sbb.co.rs,nikola.mamula@sbb.co.rs | https://www.peeringdb.com/asn/31042
76 | 8262 | EVOLINK-AS | abuse@evolink.com,peering@evolink.com,support@evolink.com,registry@evolink.com,office@evolink.com,tech@evolink.com | https://www.peeringdb.com/asn/8262
76 | 55685 | JLM-AS-ID | abuse@jlm.net.id,support@jlm.net.id,victor@jlm.net.id | https://www.peeringdb.com/asn/55685
76 | 198570 | STNB-AS | abuse@stadtnetz-bamberg.de,ripe@stadtnetz-bamberg.de,volker.richter@stadtnetz-bamberg.de | https://www.peeringdb.com/asn/198570
74 | 29075 | IELO | abuse@ielo.net,peers@ielo.net,noc@ielo.net,info@ielo-liazo.com | https://www.peeringdb.com/asn/29075
74 | 60280 | NTEC | noc@ncot.by,info@ncot.by,support@ncot.by | https://www.peeringdb.com/asn/60280
73 | 45758 | TTBP-AS-AP | ipadmin@3bbmail.com,wanchai.ti@jasmine.com | https://www.peeringdb.com/asn/45758
70 | 3327 | CITIC | abuse-eu@citictel-cpc.com,nmc-eu@citictel-cpc.com,ripe@citictel-cpc.com,info-eu@citictel-cpc.com | https://www.peeringdb.com/asn/3327
70 | 394625 | WHITELABELIT | abuse@whitelabelitsolutions.com,noc@whitelabelitsolutions.com,admin1@whitelabelitsolutions.com | https://www.peeringdb.com/asn/394625
68 | 16265 | LEASEWEB-NETWORK | abuse@fiberring.com,info@fiberring.com,ripe@network.leaseweb.com,ripe@leaseweb.com | https://www.peeringdb.com/asn/16265
68 | 36351 | SOFTLAYER | abuse@softlayer.com,curtis1977@us.ibm.com | https://www.peeringdb.com/asn/36351
68 | 38158 | CBN-AS-ID | abuse@cbn.net.id,noc@cbn.net.id,hostmaster@cbn.net.id | https://www.peeringdb.com/asn/38158
68 | 4136 | QTS | arin.admin@qtsdatacenters.com,abuse@qtsdatacenters.com | https://www.peeringdb.com/asn/4136
66 | 47957 | ING-AS | abuse@fr.verizon.com,infra.ripe@ingenico.com,herve.hildenbrand@ingenico.com,ip@se.verizonbusiness.com,its_network@ingenico.com | https://www.peeringdb.com/asn/47957
66 | 211513 | AH-EBL | abuse@gccitcom.com,ali@gccitcom.com | https://www.peeringdb.com/asn/211513
65 | 200780 | APPLIWAVE | support@appliwave.com,julien.ohayon@appliwave.com | https://www.peeringdb.com/asn/200780
64 | 24940 | HETZNER-AS | abuse@hetzner.com,info@hetzner.de,ripe@hetzner.com,peering@hetzner.com,ripe-mntner@hetzner.com | https://www.peeringdb.com/asn/24940
64 | 25160 | VORBOSS_AS | abuse@vorboss.net,peering@vorboss.net,lir-admin@vorboss.net,noc@vorboss.net | https://www.peeringdb.com/asn/25160
64 | 52551 | SAMM Sociedade de Atividades em Multimidia LTDA | cgr.samm@grupoccr.com.br | https://www.peeringdb.com/asn/52551
60 | 9930 | TTNET-MY | abuse@time.com.my,hostmaster@time.com.my,peering@time.com.my | https://www.peeringdb.com/asn/9930
60 | 20773 | GODADDY | abuse@hosteurope.de,peering@hosteurope.de,noc-emea@godaddy.com,ripe@godaddy.com | https://www.peeringdb.com/asn/20773
60 | 13359 | LEARN-CACHING-PEERING | noc@tx-learn.net,joseph.cranmore@tx-learn.net,david.nichols@tx-learn.net | https://www.peeringdb.com/asn/13359
58 | 5606 | GTS-BACKBONE | abuse@gtstelecom.ro,noc@gts.ro,ip-notify@gts.ro,ripe@gts.ro,noc@gtstelecom.ro | https://www.peeringdb.com/asn/5606
58 | 8309 | SIPARTECH | ripe@sipartech.com,eusupport@sipartech.com,peering@sipartech.com | https://www.peeringdb.com/asn/8309
58 | 13335 | CLOUDFLARENET | noc@cloudflare.com,abuse@cloudflare.com,rir@cloudflare.com | https://www.peeringdb.com/asn/13335
58 | 29208 | QUANTCOM-AS | abuse@dialtelecom.cz,ripenotify@dialtelecom.cz,hostmaster@dialtelecom.cz | https://www.peeringdb.com/asn/29208
58 | 209193 | SuperCell-FTTH | h.ayad@supercellnetwork.com | https://www.peeringdb.com/asn/209193
56 | 6866 | CYTA-NETWORK | abuse@cytanet.com.cy,registry@cytanet.com.cy,christakis.christophorou@cyta.com.cy | https://www.peeringdb.com/asn/6866
56 | 20562 | OPEN-PEERING-AS | ripe@openpeering.nl,peering@openpeering.nl,noc@openpeering.nl,abuse@openpeering.nl | https://www.peeringdb.com/asn/20562
56 | 28598 | Mob Servicos de Telecomunicacoes Ltda |  | https://www.peeringdb.com/asn/28598
56 | 34872 | Servperso_Systems | abuse@servperso.net,noc@servperso.net | https://www.peeringdb.com/asn/34872
56 | 50581 | UTG | abuse@utelecom.com.ua,noc@utelecom.com.ua,ripe@utelecom.com.ua,peering@utelecom.com.ua,sales@utelecom.com.ua | https://www.peeringdb.com/asn/50581
54 | 10282 | DIALIP-PR | dns-admin@gip.net | https://www.peeringdb.com/asn/10282
54 | 60068 | CDN77 | abuse@datacamp.co.uk,network@cdn77.com,jiri@cdn77.com,jiri@superhosting.cz | https://www.peeringdb.com/asn/60068
53 | 5405 | INTERDOTLINK | network@inter.link,support@inter.link | https://www.peeringdb.com/asn/5405
50 | 13030 | INIT7 | abuse@init7.net,peering@init7.net,noc@init7.net,notify@init7.net,hostmaster@init7.net | https://www.peeringdb.com/asn/13030
50 | 48303 | ovisit | abuse@ovis-consulting.de,info@ovis-consulting.de | https://www.peeringdb.com/asn/48303
48 | 8308 | NASK-COMMERCIAL | abuse@nask.pl,hostmaster@nask.pl,registry@nask.pl | https://www.peeringdb.com/asn/8308
48 | 12941 | INTERSAAR-AS | registry@intersaar.de,musebrink@intersaar.de | https://www.peeringdb.com/asn/12941
48 | 16347 | INHERENT | abuse@adista.fr,architecture_tsr@adista.fr | https://www.peeringdb.com/asn/16347
47 | 8926 | MOLDTELECOM-AS | cert.mtc@moldtelecom.md,noc@moldtelecom.md,ripe-admin@moldtelecom.md,vm@moldtelecom.md | https://www.peeringdb.com/asn/8926
47 | 35625 | EUROFIBER-FRANCE | abuse-fr@eurofiber.com,ripe@fullsave.com,support-lir@eurafibre.fr | https://www.peeringdb.com/asn/35625
46 | 3303 | SWISSCOM | abuse@ip-plus.net,noc@ip-plus.net,ip-plus.peering@swisscom.com,engineering@ip-plus.net | https://www.peeringdb.com/asn/3303
46 | 13213 | UK2NET-AS | abuse@uk2group.com,ripe@uk2group.com | https://www.peeringdb.com/asn/13213
46 | 29802 | HVC-AS | dan@hivelocity.net,nocadmin@hivelocity.net,abuse@hivelocity.net | https://www.peeringdb.com/asn/29802
46 | 47734 | TELECOM-IT-SOLUTIONS-AS | abuse@interlan.ro,office@telecomit.ro,tech@interlan.ro | https://www.peeringdb.com/asn/47734
46 | 212341 | CSN-Datacenters | noc@csn-solutions.de,markus.reich@csn-solutions.de | https://www.peeringdb.com/asn/212341
46 | 23473 | PAVLOVMEDIA | arin-noc@pavlovmedia.com,arin-tech@pavlovmedia.com,arin-abuse@pavlovmedia.com | https://www.peeringdb.com/asn/23473
44 | 13101 | TNG-AS | abuse@tng.de,peering@tng.de,sschade@tng.de,noc@tng.de,support@tng.de,guardian@tng.de | https://www.peeringdb.com/asn/13101
44 | 29286 | SKYLOGIC-AS | abuse@skylogicnet.com,reg.ripe@mens.it | https://www.peeringdb.com/asn/29286
44 | 12200 | RACKSPACE | chris.hansell@rackspace.com,hostmaster@rackspace.com,abuse@rackspace.com | https://www.peeringdb.com/asn/12200
44 | 22645 | LEARN-COMMODITY | noc@tx-learn.net,joseph.cranmore@tx-learn.net,david.nichols@tx-learn.net | https://www.peeringdb.com/asn/22645
44 | 208972 | gibirnet-tr | sikayet@gibir.net.tr,bilgi@gibir.net.tr | https://www.peeringdb.com/asn/208972
44 | 23470 | RELIABLESITE | support@reliablesite.net,abuse@reliablesite.net | https://www.peeringdb.com/asn/23470
44 | 32217 | GPIEX | noc@gpiex.net,abuse@gpiex.net | https://www.peeringdb.com/asn/32217
43 | 9381 | HKBNES-AS-AP | abuse-wtt@hkbn.com.hk,cc@hkbn.com.hk,hostmaster@hkbn.com.hk,abuse@hkbn.com.hk | https://www.peeringdb.com/asn/9381
41 | 43350 | NFORCE | abuse@nforce.com,notifications@nforce.com,info@nforce.com,administration@nforce.com,noc@nforce.com | https://www.peeringdb.com/asn/43350
40 | 8445 | SALZBURG-AG-AS | abuse@sol.at,ipv6@vix,vix@interxion,de-cix@fra,ip-noc@salzburg-ag.at,peering@salzburg-ag.at,josef.leist@salzburg-ag.at | https://www.peeringdb.com/asn/8445
40 | 13249 | ITS-UA | abuse@ip.datagroup.ua,abuse@itsinternet.net,noc@itsinternet.net,noc@ip.datagroup.ua,noc@datagroup.ua,billing@as3326.net,net@datagroup.ua,abuse@as3326.net,noc@as3326.net,peering@as3326.net,postmaster@as3326.net,security@as3326.net,ripe-notify@as3326.net | https://www.peeringdb.com/asn/13249
40 | 15695 | Expereo | abuse@expereo.com,registry@expereo.com,peering@expereo.com,info@expereo.com,noc@expereo.com | https://www.peeringdb.com/asn/15695
40 | 60476 | MYCOM-AS | abuse@corp.mail.ru,ncc@corp.my.com,digtranplus@bk.ru | https://www.peeringdb.com/asn/60476
40 | 200845 | EsWikiker | abuse@avatel.es,vrodriguez@avatel.es,sistemas@avatel.es | https://www.peeringdb.com/asn/200845
40 | 263009 | FORTE TELECOM LTDA. |  | https://www.peeringdb.com/asn/263009
40 | 43578 | bitNAP | abuse@bitnap.net,ripe@bitnap.net | https://www.peeringdb.com/asn/43578
40 | 2860 | NOS_COMUNICACOES | abuse@nos.pt,ip.ripe.tech@nos.pt,ip.ripe.admin@nos.pt | https://www.peeringdb.com/asn/2860
39 | 12491 | IPPLANET-AS | neteng@gilat.net,route@gilat.net,vitob@gilat.net,lironb@gilat.net | https://www.peeringdb.com/asn/12491
39 | 196925 | AZRT-AS | abuse@azertelecom.az,netadmin@azertele.com,irshad.guliyev@azertele.com | https://www.peeringdb.com/asn/196925
38 | 3223 | VOXILITY | abuse@voxility.com,contact@voxility.com | https://www.peeringdb.com/asn/3223
38 | 8544 | NSP-INTL | abuse@prime-tel.net,ripe-admin@thunderworx.net,noc@spidernet.net,alex@alex.eu.org,hazard.bsn@maks.net,ranko@prime-tel.net | https://www.peeringdb.com/asn/8544
38 | 12883 | UCOMLINE | abuse@vegatele.com,noc@vegatele.com,lir.dbn@vegatele.com,lir@vegatele.com | https://www.peeringdb.com/asn/12883
38 | 15694 | ATMAN-ISP-AS | abuse@atman.pl,peering@atman.pl,atman@atman.pl,servicedesk@atman.pl,registry@atman.pl,noc@atman.pl | https://www.peeringdb.com/asn/15694
38 | 37271 | Workonline | noc@workonline.africa,abuse@workonline.africa,communications@workonline.africa,ben.maddison@workonline.co.za,benmaddison@workonline.co.za,edwardl@workonline.co.za,benm@workonline.co.za,benm@workonline.africa,noc@workonline.co.za,peterp@workonline.africa | https://www.peeringdb.com/asn/37271
38 | 41033 | D2-AS | yb@d2cloud.co.za | https://www.peeringdb.com/asn/41033
38 | 45352 | IPSERVERONE-AS-AP | abuse@ipserverone.com,ipnoc@ipserverone.com,sales@ipserverone.com,cllee@ipserverone.com | https://www.peeringdb.com/asn/45352
38 | 48858 | Milecom-as | abuse@domru.ru,ripe@ertelecom.ru,info@domru.ru | https://www.peeringdb.com/asn/48858
38 | 198967 | BITel-Gesellschaft-fuer-Telekommunikation-AS | hostmaster@bitel.de | https://www.peeringdb.com/asn/198967
38 | 33763 | Paratus | group.legal@paratus.africa,martin.boese@paratus.africa,bruno.teixeira@ita.ao,nigel.hendrickse@paratus.africa,schumacher.neto@ita.ao,noc.na@paratus.africa,abuse@paratus.africa,ip-admin@paratus.africa,iris.correia@ita.ao,jeremy.muller@paratus.africa,bruno.vergamota@paratus.africa,rolf@paratus.africa,schalk@paratus.africa,tristan.wardable@paratus.africa | https://www.peeringdb.com/asn/33763
37 | 25369 | BANDWIDTH-AS | abuse@zare.com,noc@zare.com,sales@zare.com | https://www.peeringdb.com/asn/25369
36 | 8758 | IWAY | abuse@as8758.net,peering@as8758.net,noc@as8758.net,matthias.cramer@iway.ch | https://www.peeringdb.com/asn/8758
36 | 12713 | OTEGlobe | abuse@ote.gr,peering@oteglobe.gr,noc@oteglobe.gr,ripe-ote@otenet.gr,hostmaster@otenet.gr,ipcore@cosmote.gr,clavidas@ote.gr | https://www.peeringdb.com/asn/12713
36 | 33891 | CORE-BACKBONE | abuse@core-backbone.com,daniel.maresch@core-backbone.com | https://www.peeringdb.com/asn/33891
36 | 41313 | NOVATEL-AS | abuse@novatel.bg,ripe@novatel.bg,office@novatel.bg | https://www.peeringdb.com/asn/41313
34 | 39180 | LASOTEL | abuse@lasotel.net,ripe@lasotel.net,contact@lasotel.fr,scharron@lasotel.fr | https://www.peeringdb.com/asn/39180
34 | 50384 | W-IX_LTD | abuse@ihome.ru,noc@ihome.ru | https://www.peeringdb.com/asn/50384
34 | 263444 | Open X Tecnologia Ltda |  | https://www.peeringdb.com/asn/263444
33 | 8637 | SPAINWISPCORE | abuse@spainwisp.com,peering@spainwisp.com,conectividad@spainwisp.com,info@borecom.com | https://www.peeringdb.com/asn/8637
33 | 28716 | RETELIT-AS | abuse@pec.retelit.it,g.uggeri@retelit.it,network.operations.technologies@retelit.it | https://www.peeringdb.com/asn/28716
33 | 34927 | iFog-GmbH | noc@ifog.ch,info@ifog.ch | https://www.peeringdb.com/asn/34927
32 | 9541 | CYBERNET-AP | noc-abuse@cyber.net.pk,zhqasmi@cyber.net.pk | https://www.peeringdb.com/asn/9541
32 | 14061 | DIGITALOCEAN-ASN | noc@digitalocean.com,abuse@digitalocean.com | https://www.peeringdb.com/asn/14061
32 | 15598 | IPX-AS15598 | abuse@ext-dc.de,ticket@northcdatacenters.de,peering@ext-dc.de,ripe@ext-dc.de | https://www.peeringdb.com/asn/15598
32 | 24724 | ATMAN-Foreign-AS | abuse@atman.pl,peering@atman.pl,atman@atman.pl,servicedesk@atman.pl,registry@atman.pl,noc@atman.pl | https://www.peeringdb.com/asn/24724
32 | 44814 | BTEL-BG-AS | abuse@bulgartel.bg,ripe@bulgartel.bg,nmc@bulgartel.bg,lyudmil.lyubenov@bulgartel.bg | https://www.peeringdb.com/asn/44814
30 | 29691 | NINE | abuse@nine.ch,ripe@nine.ch,noc@nine.ch,notify@nine.ch,tom@nine.ch | https://www.peeringdb.com/asn/29691
30 | 31898 | ORACLE-BMC-31898 | domain-contact_ww_grp@oracle.com,network-contact_ww@oracle.com,abuse@oracleemaildelivery.com | https://www.peeringdb.com/asn/31898
30 | 39702 | SIT-AS | abuse@sparkassen-it.de,ripe@sparkassen-it.de,heinecke@sparkassen-it.de | https://www.peeringdb.com/asn/39702
30 | 43205 | BULSATCOM-BG-AS | abuse@bulsat.com,n.hristov@bulsatcom.net,b.lazarov@bulsat.com,n.hristov@bulsat.com | https://www.peeringdb.com/asn/43205
30 | 210021 | DIL | marwan.salih@diltechnology.com | https://www.peeringdb.com/asn/210021
28 | 8641 | NAUKANET-AS | abuse@naukanet.ru,noc@naukanet.ru,lir@naukanet.ru,helpdesk@naukanet.ru,sales@naukanet.ru | https://www.peeringdb.com/asn/8641
28 | 28663 | FLYS INTERATIVA LTDA | eduardop@durand.com.br,abuse@durand.com.br | https://www.peeringdb.com/asn/28663
28 | 32787 | PROLEXIC-TECHNOLOGIES-DDOS-MITIGATION-NETWORK | ip-admin@akamai.com,abuse@akamai.com | https://www.peeringdb.com/asn/32787
28 | 199496 | e-ports-EBRETIC-AS | abuse@e-ports.eu,oficina@e-ports.eu | https://www.peeringdb.com/asn/199496
28 | 5670 | VI-367-5670 | ipeng@vapor.io | https://www.peeringdb.com/asn/5670
26 | 8804 | REGIO-AS | peering@regio.net,horke@regio.net,info@regio.net | https://www.peeringdb.com/asn/8804
26 | 14593 | SPACEX-STARLINK | david.knapp@spacex.com | https://www.peeringdb.com/asn/14593
26 | 18106 | VIEWQWEST-SG-AP | abuse@viewqwest.com,noc.sg@viewqwest.com,accounts@viewqwest.com | https://www.peeringdb.com/asn/18106
26 | 38880 | M21-AS-AP | abuse@micron21.com,support@micron21.com | https://www.peeringdb.com/asn/38880
26 | 264409 | GRUPO YAX |  | https://www.peeringdb.com/asn/264409
24 | 2854 | ROSPRINT-AS | rus-hd@orange.com,lir@list2.orange-business.ru | https://www.peeringdb.com/asn/2854
24 | 12963 | VOLZ | abuse@volz.ua,office@volz.ua,noc@ldc.net,noc@volz.ua | https://www.peeringdb.com/asn/12963
24 | 15895 | KSNET-AS | abuse@kyivstar.net,registry@kyivstar.net,noc@kyivstar.net | https://www.peeringdb.com/asn/15895
24 | 19711 | SWAZINET | gateway@swazi.net,mtsela@sptc.co.sz,lwazim@swazi.net,gcebilem@sptc.co.sz,phiwad@swazi.net | https://www.peeringdb.com/asn/19711
24 | 20676 | PLUSNET | abuse@plusnet.de,ripe@plusnet.de | https://www.peeringdb.com/asn/20676
24 | 21385 | TNIB | abuse@tnib.de,peering@tnib.net,tech@tnib.de,noc@tnib.de,js@tnib.de | https://www.peeringdb.com/asn/21385
24 | 37721 | Virtual-Technologies-Solutions-SA | ifayad@vts.bf,abdoudia@vts.bf,ifayad@globalinnovation-sa.com,abdoudia@globalinnovation-sa.com | https://www.peeringdb.com/asn/37721
24 | 61599 | EAI TELECOMUNICACOES LTDA |  | https://www.peeringdb.com/asn/61599
24 | 204035 | onecorp | abuse@onecorp.eu,noc@onecorp.eu,tristan.fischer@onecorp.eu | https://www.peeringdb.com/asn/204035
24 | 132372 | GBNETWORK-AS-AP | abuse@gbnetwork.my,noc@gbnetwork.my | https://www.peeringdb.com/asn/132372
22 | 8732 | COMCOR-AS | netadm@comcor.ru,arumyantsev@comcor.ru,trud@comcor.ru,fedoruk@comcor.ru | https://www.peeringdb.com/asn/8732
22 | 39642 | NORLYS | abuse@stofa.dk,peering@stofa.dk | https://www.peeringdb.com/asn/39642
22 | 57463 | NetIX | abuse@netix.net,nmt@netix.net | https://www.peeringdb.com/asn/57463
22 | 136978 | JNI-AS-AP | abuse@jnisystem.com | https://www.peeringdb.com/asn/136978
22 | 30988 | ISInternetSolutions | abuse@ng.is.co.za,babajide.ayanda@dimensiondata.com,is.ng.networkoperations@ng.is.co.za,george.olunwa@ng.is.co.za | https://www.peeringdb.com/asn/30988
20 | 37282 | MAINONE | adesiyan.omololu@mainone.net,abuse@mainone.net,sunday.abu@mainone.net,olabisi.igbayiloye@mainone.net,noc@ams-ix.net,ip.eng@mainonecble.com,ipnerd@mainonecble.com,ipnerd@mainonecable.com,oluwagbenga.adetoye@mainone.net,solomon.olatunbosun@mainone.net | https://www.peeringdb.com/asn/37282
20 | 39351 | ESAB-AS | abuse@31173.se,peering@31173.se,lir@31173.se,noc@31173.se | https://www.peeringdb.com/asn/39351
20 | 44066 | DE-FIRSTCOLO | abuse@first-colo.net,network@firstcolo.net,abuse@firstcolo.net,peering@firstcolo.net,lir@accelerated.de | https://www.peeringdb.com/asn/44066
20 | 207811 | SuperCell-ISP | info@supercellnetwork.com,superreg60@gmail.com | https://www.peeringdb.com/asn/207811
20 | 40805 | JMF-NETWORKS | mholt@jmfsolutions.net,mfrancis@jmfnetworks.net,ip-abuse@jmfsolutions.net,ip-admin@jmfsolutions.net,lpavel@jmfnetworks.net | https://www.peeringdb.com/asn/40805
20 | 22324 | XTEL | nocadmin@xtel.net,joeln@gtb.net,hhickman@xtel.net,dns_admin@xtelcommunications.com | https://www.peeringdb.com/asn/22324
19 | 212661 | Vodafone-Oman | bader.abri@vodafone.om | https://www.peeringdb.com/asn/212661
18 | 8473 | BAHNHOF | abuse@bahnhof.net,ncc@bahnhof.net,peering@bahnhof.net | https://www.peeringdb.com/asn/8473
18 | 9119 | SOFTNET-AS | abuse@softnet.si,address@six,address@vix,address@decix,address@nlix,address@cix,address@sox,ripe@softnet.si | https://www.peeringdb.com/asn/9119
18 | 9125 | ORIONTELEKOM-AS | abuse@oriontelekom.rs,noc.ip@oriontelekom.rs,ripe@oriontelekom.rs | https://www.peeringdb.com/asn/9125
18 | 25180 | EXPONENTIAL-E-AS | mukesh.bavisi@exponential-e.com,peering@exponential-e.com,abuse@exponential-e.com,ripe-notify@exponential-e.com | https://www.peeringdb.com/asn/25180
18 | 29467 | LuxNetwork | abuse@luxnetwork.eu,llutot@luxnetwork.eu,eng@luxnetwork.eu,welcome@luxnetwork.eu,inoc@luxnetwork.eu,luc@lutot.net | https://www.peeringdb.com/asn/29467
18 | 42708 | PORTLANE | abuse@glesys.se,noc@portlane.com,abuse@portlane.com,registry@glesys.se | https://www.peeringdb.com/asn/42708
18 | 56111 | AGARTO-MY | abuse@agarto.com,noc@agarto.com,peering@agarto.com,support@agarto.com | https://www.peeringdb.com/asn/56111
18 | 11403 | NYINTERNET | inter-eng@nyi.net,abuse@nyi.net | https://www.peeringdb.com/asn/11403
18 | 202813 | ASLIBER | notifyme@liberatel.es | https://www.peeringdb.com/asn/202813
18 | 2734 | CORESITE | jerome.favis@coresite.com,osc@coresite.com,reed.disney@coresite.com,john.jensen@coresite.com,michael.stanley@coresite.com,chris.malayter@coresite.com,chris.reed@coresite.com,abuse@coresite.com | https://www.peeringdb.com/asn/2734
18 | 50670 | VTELJO | abuse-ripe@vtel.jo,hussein.hatough@vtel.jo | https://www.peeringdb.com/asn/50670
16 | 5603 | SIOL-NET | abuse@telekom.si,noc@telekom.si,sebastijan.muc@telekom.si,core.ip@telekom.si,ripe@telekom.si,ripe@siol.net | https://www.peeringdb.com/asn/5603
16 | 6697 | BELPAK-AS | lir@belpak.by,ripe@belpak.by | https://www.peeringdb.com/asn/6697
16 | 8953 | ASN-ORANGE-ROMANIA | registry@orange.com,soc.ro@orange.com | https://www.peeringdb.com/asn/8953
16 | 9658 | ETPI-IDS-AS-AP | ipnetworks@etpi.com.ph,vidalrp@etpi.com.ph | https://www.peeringdb.com/asn/9658
16 | 12684 | SES-LUX-AS | noc@ses.com,remus.grobei@ses.com,francois.claire@ses.com,abuse@ses-astra.com,alexandru.serban@ses.com,danijela.djukic@ses.com,abuse@ses.com | https://www.peeringdb.com/asn/12684
16 | 44306 | Omonia | noc@omonia.hr,noc@omonia.com | https://www.peeringdb.com/asn/44306
16 | 44901 | belcloud | abuses@host.ag,admin@belcloud.net | https://www.peeringdb.com/asn/44901
16 | 48237 | MOBILY-AS | abuse@mobily.com.sa,ripe-admin@mobily.com.sa,b-ripe-tech@mobily.com.sa | https://www.peeringdb.com/asn/48237
16 | 48362 | TKSWF-AS | registry@tkswf.at | https://www.peeringdb.com/asn/48362
16 | 210226 | Windcloud40-as | sladek@windcloud.de,moin@windcloud.de,ritter@windcloud.org | https://www.peeringdb.com/asn/210226
16 | 197267 | Retevision-I-AS | noc.security@cellnextelecom.com,manuel.zamora@cellnextelecom.com | https://www.peeringdb.com/asn/197267
16 | 41549 | EWB-Cable-Network-AS | abuse@rsnweb.ch,noc@rsnweb.ch,christian.bigger@ewbuchs.ch,matthias.vonbach@ewbuchs.ch | https://www.peeringdb.com/asn/41549
16 | 60804 | SWISS-NETWORK | abuse@swissnetwork.ch,peering@swissnetwork.ch,noc@swissnetwork.ch,christian@cblumer.eu | https://www.peeringdb.com/asn/60804
16 | 260 | GTT-DXB | netguard@gtt.net,abuse@gtt.net,noc@gtt.net | https://www.peeringdb.com/asn/260
16 | 198949 | Radware | cloud-infra@radware.com,info_il@radware.com | https://www.peeringdb.com/asn/198949
15 | 15133 | EDGECAST | skleinart@edg.io,edgiolegal@edg.io,inet@edgecast.com | https://www.peeringdb.com/asn/15133
15 | 34471 | EXCOM-AS | sat@excom.es,luis@excom.es | https://www.peeringdb.com/asn/34471
14 | 3212 | TELEMACH | abuse@telemach.si,citynet@hall,ripe@telemach.si | https://www.peeringdb.com/asn/3212
14 | 5409 | TPL-ASN | abuse@toplink.de,peering@toplink.net,hostmaster@toplink.net,hostmaster@toplink.de | https://www.peeringdb.com/asn/5409
14 | 8245 | VIDEOBROADCAST-AS | abuse@video-broadcast.at,office@video-broadcast.at,cf@theta.ag,clemens@schmikal.at | https://www.peeringdb.com/asn/8245
14 | 12041 | AS-AFILIAS1 | pvlaar@afilias.info,carl.clements@identity.digital,noc@afilias-nst.info,howard@identity.digital,ssilzer@afilias.info | https://www.peeringdb.com/asn/12041
14 | 12297 | TELECOM-ARMENIA | abuse@telecomarmenia.am,ripeadmin@beeline.am,core-network@telecomarmenia.am | https://www.peeringdb.com/asn/12297
14 | 19318 | IS-AS-1 | dmca@interserver.net,abusencc@interserver.net | https://www.peeringdb.com/asn/19318
14 | 20940 | AKAMAI-ASN1 | abuse@akamai.com,ip-admin@akamai.com,ck@akamai.com,nbakker@akamai.com,ripenotify@bakker.net,rmullall@akamai.com,registry@4l.ie,cdabanog@akamai.com | https://www.peeringdb.com/asn/20940
14 | 42947 | SKYNETLINK-AS | abuse@telfy.com,ripe@telfy.com | https://www.peeringdb.com/asn/42947
14 | 138915 | KAOPU-HK | abuse@kaopucloud.com,whois@kaopucloud.com,ip.as@kaopucloud.com,ipadmin@kaopucloud.com | https://www.peeringdb.com/asn/138915
14 | 199599 | CIREX | abuse@cirex.ru,noc@cirex.ru,welcome@cirex.ru,e.popov@cirex.ru | https://www.peeringdb.com/asn/199599
14 | 200612 | GulfBridgeInternational | ripe@gbiinc.com,legal@gbiinc.com,ipnoc@gbiinc.com | https://www.peeringdb.com/asn/200612
13 | 8447 | A1TELEKOM-AT | abuse@a1.at,noc@aon.at,peering@aon.at,hostmaster@aon.at,ip.netdesign@a1.at | https://www.peeringdb.com/asn/8447
12 | 680 | DFN | abuse@dfn.de,hostmaster@dfn.de,noc@noc.dfn.de | https://www.peeringdb.com/asn/680
12 | 8283 | COLOCLUE-AS | abuse@coloclue.net,routers@coloclue.net,ripe-maintainer@coloclue.net,ops@coloclue.net | https://www.peeringdb.com/asn/8283
12 | 8764 | Telia-Lietuva | abuse@telia.lt,nmc@telia.lt,ip-ncc@telia.lt,registry@telia.lt | https://www.peeringdb.com/asn/8764
12 | 8767 | MNET-AS | abuse@m-online.net,guardian@m-net.de,hostmaster@m-net.de,abuse@m-net.de | https://www.peeringdb.com/asn/8767
12 | 12843 | TELEMAXX | abuse@telemaxx.de,internet@telemaxx.de | https://www.peeringdb.com/asn/12843
12 | 13414 | TWITTER | tsouthern@twitter.com,noc@twitter.com,wfenech@x.com,net-abuse@twitter.com | https://www.peeringdb.com/asn/13414
12 | 31638 | ASN-LEPIDA | csirt@lepida.it,lir@lepida.it,gianluca.mazzini@lepida.it | https://www.peeringdb.com/asn/31638
12 | 34867 | COSMONOVA-AS | abuse@cosmonova.net,noc@cosmonova.net | https://www.peeringdb.com/asn/34867
12 | 44356 | EPSILON | abuse@epsilontel.com,netops@epsilontel.com,ripe@epsilontel.com | https://www.peeringdb.com/asn/44356
12 | 47692 | NESSUS | abuse@nessus.at,support@nessus.at,fs@nessus.at,td@nessus.at | https://www.peeringdb.com/asn/47692
12 | 59796 | STORMWALL-AS | abuse@stormwall.pro,management@stormwall.pro | https://www.peeringdb.com/asn/59796
12 | 62955 | EBAYMTBB | network@ebay.com | https://www.peeringdb.com/asn/62955
12 | 196922 | HOFMEIR-AS | abuse@premium-datacenter.de,support@premium-datacenter.de,support@h-m.net,info@premium-datacenter.de | https://www.peeringdb.com/asn/196922
12 | 10094 | UNN-BN | abuse-mailbox@unn.com.bn,unn-apnic@unn.com.bn | https://www.peeringdb.com/asn/10094
12 | 49600 | NEARIP | pau.nadeu@nearip.com,pau.nadeu@networkhero.ad | https://www.peeringdb.com/asn/49600
12 | 13693 | NTS-ONLINE | miguel.elizondo@vexusfiber.com,patrice.edinboro@vexusfiber.com,chris.pinkerton@vexusfiber.com,abuse@vexusfiber.com,admin@nts-online.net | https://www.peeringdb.com/asn/13693
12 | 22442 | HOU-PHONOSCOPE | mark.borchers@gmail.com,abuse@phonoscope.com,netops@phonoscope.com,dross@phonoscope.com | https://www.peeringdb.com/asn/22442
12 | 22772 | LOGIN | matthew.ramsey@loginbusiness.com,kevin.marcus@loginbusiness.com,joseph.fico@loginbusiness.com,scott.harvanek@loginbusiness.com,abuse@loginbusiness.com | https://www.peeringdb.com/asn/22772
12 | 23486 | NETSPAN | halcomb@netspan.com | https://www.peeringdb.com/asn/23486
12 | 28458 | IENTC S DE RL DE CV | ip@ientc.com | https://www.peeringdb.com/asn/28458
12 | 53828 | NITEL | npifko@nitelusa.com,jdehoyos@nitelusa.com,noc@nitelusa.com,esundberg@nitelusa.com,ctrudeau@nitelusa.com,rjones@nitelusa.com,hlopez@nitelusa.com | https://www.peeringdb.com/asn/53828
12 | 59813 | DELIGHTFIBER-AS | abuse@delightfiber.net,v.konstantin@mail.ru | https://www.peeringdb.com/asn/59813
12 | 60446 | datema | abuse@datacasa.com.tr,info@datemabilisim.com.tr,info@datacasa.com.tr | https://www.peeringdb.com/asn/60446
12 | 201746 | OLIVENET-AS | abuse@olivenet.es,info@olivenet.es | https://www.peeringdb.com/asn/201746
12 | 37480 | Cobranet | elie.h@cobranet.org,patrick.minas@cobranet.ng,hassan.hamdan@cobranet.ng,jacklebbos@cobranet.org,patrick@cobranet.org,jbc@cobranet.org,ip@cobranet.ng,khaldoun.ahmadieh@cobranet.ng | https://www.peeringdb.com/asn/37480
12 | 60486 | SNS | ripe@sns.ag | https://www.peeringdb.com/asn/60486
11 | 5413 | AS5413 | abuse@daisyuk.tech,peering@as5413.net,ipreq@daisygroupplc.com | https://www.peeringdb.com/asn/5413
11 | 47524 | AS-TURKSAT | abuse@turksat.com.tr,ipadmin@turksat.com.tr,noc@turksat.com.tr | https://www.peeringdb.com/asn/47524
10 | 3580 | PLANET | noc@planet.net,robert@planet.net | https://www.peeringdb.com/asn/3580
10 | 7155 | VIASAT-SP-BACKBONE | ryan.oconnell@viasat.com,exede_soc@viasat.com,stevan.kaludjerovic@viasat.com,wildblueabuse@viasat.com,clinton.murphy@viasat.com,vsdnoc@viasat.com,eric.baulesh@viasat.com,nathaniel.todd@viasat.com,isp-vws@viasat.com | https://www.peeringdb.com/asn/7155
10 | 8391 | KNIPP-AS | abuse@knipp.de,ripe-registry@knipp.de,hostmaster@knipp.de,elmar@knipp.de | https://www.peeringdb.com/asn/8391
10 | 38040 | GLOBAL-TRANSIT-TOT-IIG-TH | abuse@totisp.net,apipolg@nt.ntplc.co.th,apipolg@ntplc.co.th,abuse@totidc.net | https://www.peeringdb.com/asn/38040
10 | 42652 | DELUNET | abuse@inexio.net,netze@inexio.net,registry@inexio.net | https://www.peeringdb.com/asn/42652
10 | 47872 | SOFIA-CONNECT-AS | abuse@sofia-connect.net,office@sofia-connect.net,ripe.admin@sofia-connect.net,ripe.tech@sofia-connect.net | https://www.peeringdb.com/asn/47872
10 | 49981 | WorldStream | abuse@worldstream.nl,info@worldstream.nl,sales@worldstream.nl,admin@worldstream.nl | https://www.peeringdb.com/asn/49981
10 | 62275 | NHM | abuse@nhm.it,federico.santulli@nhm.it | https://www.peeringdb.com/asn/62275
10 | 213281 | GREENFIBER | support@greenfiber.de,m.strecker@greenfiber.de,noc@greenfiber.de | https://www.peeringdb.com/asn/213281
10 | 398465 | RACKDOG-LLC | contact@rackdog.com | https://www.peeringdb.com/asn/398465
10 | 40630 | GRIDFURY-AS | noc@gridfury.com,abuse@gridfury.com | https://www.peeringdb.com/asn/40630
10 | 62 | CONE | netsup@cyrusone.com,abuse@cyrusone.com | https://www.peeringdb.com/asn/62
10 | 6300 | CCI-TEXAS | abusetx@consolidated.net,dmartin@consolidated.net,jprendergast@fairpoint.com,brent.kovar@consolidated.com,chris.mckenney@consolidated.com,corey.peterson@consolidated.com,martin.cook@consolidated.com,abuse@consolidated.net,kenji.ogura@consolidated.com,william.solak@consolidated.com,michael.bouington@consolidated.com,jeremy.weinrub@consolidated.com,johnathan.jenkins@consolidated.com | https://www.peeringdb.com/asn/6300
10 | 15164 | UPNLLC | charles.knipf@upnfiber.com,jeremy.finn@upnfiber.com,noc@upnfiber.com,jeff.crist@upnfiber.com,gary.gaintner@upnfiber.com,zach.lamm@upnfiber.com,sreenivas.gajula@upnfiber.com | https://www.peeringdb.com/asn/15164
10 | 32097 | WII | abuse@wholesaleinternet.net,kevin@wholesaleinternet.net,aaron@nocix.net,rebecca@nocix.net,abuse@nocix.net,bob@wholesaleinternet.net | https://www.peeringdb.com/asn/32097
10 | 199290 | MOWITEL | ripe@mowitel.es,abuse@mowitel.es | https://www.peeringdb.com/asn/199290
10 | 8412 | TMA | abuse@magenta.at,smc@magenta.at,ip-operations@magenta.at,ip-operations@t-mobile.at | https://www.peeringdb.com/asn/8412
10 | 14325 | OSHEAN | noc@oshean.org | https://www.peeringdb.com/asn/14325
10 | 25472 | WIND-AS | abuse@forthnet.gr,ripe-contact@nova.gr,abuse@nova.gr | https://www.peeringdb.com/asn/25472
10 | 48728 | vodafoneqatar | servicedesk.qatar@vodafone.com,dragos.serban1@vodafone.qa,deni.sartika@vodafone.com,securityoperations@vodafone.com | https://www.peeringdb.com/asn/48728
10 | 60924 | ORIXCOM | abuse@orixcom.com,whois@orixcom.com,netadmin@orixcom.com,notify@orixcom.com | https://www.peeringdb.com/asn/60924
9 | 8932 | UCOMINT | abuse@ucom.am,core-network@ucom.am | https://www.peeringdb.com/asn/8932
9 | 54825 | PACKET | noc@equinixmetal.com,abuse@equinixmetal.com | https://www.peeringdb.com/asn/54825
8 | 1241 | FORTHNET-GR | abuse@forthnet.gr,ripe-contact@forthnet.gr | https://www.peeringdb.com/asn/1241
8 | 8560 | IONOS-AS | abuse@ionos.com,ripe-role@oneandone.net,noc@net.ionos.com,ripe-role@net.ionos.com | https://www.peeringdb.com/asn/8560
8 | 8860 | DELTA-BG-AS | abuse@delta.bg,deltahitech@delta.bg | https://www.peeringdb.com/asn/8860
8 | 9318 | SKB-AS | ip-adm@skbroadband.com | https://www.peeringdb.com/asn/9318
8 | 12306 | PLUSLINE | abuse@plusline.de,peering@plusline.net,noc@plusline.net,hostmaster@plusline.de,hostmaster@plusline.net,rg@plusline.net | https://www.peeringdb.com/asn/12306
8 | 12360 | KTK | abuse@noc.ktk.de,hostmaster@noc.ktk.de,ripe@noc.ktk.de,avd@noc.ktk.de | https://www.peeringdb.com/asn/12360
8 | 12779 | ITGATE | abuse@itgate.net,noc@ncc.itgate.net,peering@ncc.itgate.net,lir@itgate.it,hostmaster@itgate.it,gf.dellicarri@ncc.itgate.net | https://www.peeringdb.com/asn/12779
8 | 18676 | AVAYA | schityala@avaya.com,tzhou1@avaya.com,naphillips@avaya.com,ciaranstephens@avaya.com,pang@avaya.com | https://www.peeringdb.com/asn/18676
8 | 20459 | TELECOM-NAMIBIA-AS | lehanen@telecom.na,shipenaa@telecom.na,shuuyal@telecom.na,nampa@telecom.na,miezev@telecom.na,ip-admin@ipb.na,munyuncm@telecom.na,shalihuj@telecom.na,nashipili@telecom.na | https://www.peeringdb.com/asn/20459
8 | 20546 | SOPRADO-ANY | abuse@soprado.com,info@schumann.net | https://www.peeringdb.com/asn/20546
8 | 20647 | IPB | abuse@ipberlin.com,info@ipb.de,ripe@ipberlin.com | https://www.peeringdb.com/asn/20647
8 | 20932 | SIG-ST | abuse@sig-telecom.net,noc.ripe@sig-ge.ch,telecom-ier@sig-ge.ch | https://www.peeringdb.com/asn/20932
8 | 21497 | UMC-AS | noc@vodafone.ua,abuse@vodafone.ua | https://www.peeringdb.com/asn/21497
8 | 28008 | Telecel S.A. | eduardo.torres@tigo.net.py,abuse@tigo.com.py | https://www.peeringdb.com/asn/28008
8 | 29357 | WATANIYATELECOM-AS | ripe-ooredookuwait-abuse@ooredoo.com.kw,ripe-ooredookuwait@ooredoo.com.kw,ripe-ooredookuwait-admin@ooredoo.com.kw | https://www.peeringdb.com/asn/29357
8 | 35805 | SILKNET-AS | abuse@silknet.com,mpls@silknet.com,noc@silknet.com | https://www.peeringdb.com/asn/35805
8 | 39737 | Prime-Telecom-AS | abuse@primetelecom.ro,support@primetelecom.ro,peering@primetelecom.ro,eth-ip@primetelecom.ro,lir@primetelecom.ro,dan.mosneanu@primetelecom.ro | https://www.peeringdb.com/asn/39737
8 | 44600 | GT-AS | abuse@gigatrans.ua,noc@gigatrans.ua,legal@gigatrans.ua | https://www.peeringdb.com/asn/44600
8 | 48152 | DIGITAL-REALTY-DE | emea.ipadmin@digitalrealty.com,emea.ipengineering@digitalrealty.com | https://www.peeringdb.com/asn/48152
8 | 49009 | FFHH | abuse@freifunk-rheinland.net,peering@hamburg.freifunk.net,kontakt@freifunk-rheinland.net,noc@hamburg.freifunk.net | https://www.peeringdb.com/asn/49009
8 | 51375 | VIVABH | abuse@stc.com.bh,asabt@viva.com.bh,isp@viva.com.bh,isp@stc.com.bh,atnaveed.c@stc.com.bh,lborlongan@stc.com.bh,alisabt@stc.com.bh | https://www.peeringdb.com/asn/51375
8 | 52771 | GIGA BYTE TELECOMUNICACOES LTDA |  | https://www.peeringdb.com/asn/52771
8 | 55329 | TELCOTECH-KH | noc@telcotech.com.kh,koemleang.chea@telcotech.com.kh | https://www.peeringdb.com/asn/55329
8 | 56665 | TANGO-TELINDUS | abuse@proximus.lu,peering@proximus.lu | https://www.peeringdb.com/asn/56665
8 | 132203 | TENCENT-NET-AP-CN | qcloud_net_duty@tencent.com,tencent_idc@tencent.com | https://www.peeringdb.com/asn/132203
8 | 199284 | encoLine | abuse@netkom.de,info@netkom.de,noc@iks-service.de | https://www.peeringdb.com/asn/199284
8 | 12213 | CYXTERA-CYXTERA-TECHNOLOGIES-INC | mike.ballard@cyxtera.com,josue.delgado@cyxtera.com,jim.horton@cyxtera.com,networkoperations@cyxtra.com | https://www.peeringdb.com/asn/12213
8 | 32035 | CCDT-AS | network@sangoma.com | https://www.peeringdb.com/asn/32035
8 | 19740 | SUDJAM | support@sudjam.com,abuse@sudjam.com,jeff@sudjam.com | https://www.peeringdb.com/asn/19740
8 | 35847 | AS-EFTL | noc@ezeefiber.com,matt.burleyson@ezeefiber.com,noc@ictxwavemedia.net | https://www.peeringdb.com/asn/35847
8 | 398337 | COMMUNITY-INTERNET-PROVIDERS | john.jones@point-broadband.com,rc.barnhart@point-broadband.com,noc@getcip.com,sam.gunderson@point-broadband.com,jpatterson@point-broadband.com,kyle.simpson@point-broadband.com | https://www.peeringdb.com/asn/398337
8 | 37738 | HOSTOWEB | sysadmin@hostoweb.com,mehdi@hostoweb.com,abuse@hostoweb.com | https://www.peeringdb.com/asn/37738
8 | 12735 | ASTurkNet | lir@turknet.net.tr | https://www.peeringdb.com/asn/12735
8 | 48678 | TR-PENTECH-AS | abuse@pendc.com,ripe@pendc.com | https://www.peeringdb.com/asn/48678
8 | 37119 | unitel-AS | unitel@unitel.co.ao,damiao.tomas@unitel.co.ao,walter.ernesto@unitel.co.ao,n.ferreira@unitel.co.ao | https://www.peeringdb.com/asn/37119
8 | 53907 | QTS-RIC | support@qtsdatacenters.com,abuse@qtsdatacenters.com | https://www.peeringdb.com/asn/53907
8 | 57588 | HAYAT-ISP-ASN | info@hayat-isp.net,amer@hayat-isp.net | https://www.peeringdb.com/asn/57588
8 | 5385 | RUSSMEDIA-IT | abuse@tele.net,domain-admin@tele.net,support@tele.net,noc@tele.net,info@tele.net,ripe-admin@tele.net,noc@russmedia.com | https://www.peeringdb.com/asn/5385
8 | 6772 | IMPNET-AS | abuse@imp.ch,peering@imp.ch,ripereg@imp.ch,hostmaster@imp.ch,ripenotify@imp.ch | https://www.peeringdb.com/asn/6772
8 | 31424 | NEXELLENT-AS | abuse@nexellent.ch,info@netrics.ch,hostmaster@nexellent.net,abuse@nexellent.net,noc@nexellent.ch | https://www.peeringdb.com/asn/31424
8 | 33965 | LITECOM | abuse@litecom.ch,ripe@litecom.ch,noc@litecom.ch | https://www.peeringdb.com/asn/33965
8 | 57187 | DATAMENA-ASN | abuse@du.ae,mohamed.kousa@du.ae,noc@datamena.net,abuse@datamena.net,noc-info@datamena.net | https://www.peeringdb.com/asn/57187
6 | 9044 | SOLNET | abuse@solnet.ch,noc@solnet.ch | https://www.peeringdb.com/asn/9044
6 | 14537 | CL-1379-14537 | registrar@continent8.com,abuse@continent8.com | https://www.peeringdb.com/asn/14537
6 | 15965 | AS15965 | abuse@cegecom.lu,ripe@cegecom.net | https://www.peeringdb.com/asn/15965
6 | 21013 | ITANDTEL-AS | noc@itandtel.at,peering@itandtel.at,hostmaster@itandtel.at,office@itandtel.at | https://www.peeringdb.com/asn/21013
6 | 33353 | SBS | sie-cgei-net-arin-contact@sony.com | https://www.peeringdb.com/asn/33353
6 | 34177 | CELESTE-AS | abuse@celeste.fr,noc@celeste.fr | https://www.peeringdb.com/asn/34177
6 | 34953 | RELAIX | noc@relaix.net,info@relaix.net,tn@relaix.net | https://www.peeringdb.com/asn/34953
6 | 35311 | PR-TELECOM-AS | abuse@pr.hu,noc@prtelecom.hu,noc@prwork.hu | https://www.peeringdb.com/asn/35311
6 | 42366 | TERRATRANSIT-AS | abuse@terratransit.de,ripe@terratransit.de,thomas.koehler@terratransit.de | https://www.peeringdb.com/asn/42366
6 | 42385 | RIPN-RU | ip@msk-ix.ru,noc-ip@msk-ix.ru | https://www.peeringdb.com/asn/42385
6 | 43391 | NETDIREKT-AS | abuse@netdirekt.com.tr,noc@netdirekt.com.tr,teknik@netdirekt.com.tr,semih.alev@netdirekt.com.tr | https://www.peeringdb.com/asn/43391
6 | 47147 | AS-ANX | abuse@anexia.at,noc@anexia-it.com,ripe@anexia-it.com | https://www.peeringdb.com/asn/47147
6 | 196714 | TNETKOM-AS | abuse@netkom.de,info@netkom.de | https://www.peeringdb.com/asn/196714
6 | 206264 | AMARUTU-TECHNOLOGY | abuse@koddos.com,noc@koddos.com | https://www.peeringdb.com/asn/206264
6 | 328832 | Network-Platforms-International | info@networkplatforms.co.za,bongani@networkplatforms.co.za,brad@networkplatforms.co.za,warwick@networkplatforms.co.za | https://www.peeringdb.com/asn/328832
6 | 131310 | PLT-NET-MY | abuse@pltpro.com,jaygan@pltpro.com,sales_my@pltpro.com | https://www.peeringdb.com/asn/131310
6 | 21788 | HIPOINT-US | davidvoss@vosswerk.com,support@hipointinc.com | https://www.peeringdb.com/asn/21788
6 | 5078 | ONENET-AS-1 | trouble@onenet.net,abuse@onenet.net | https://www.peeringdb.com/asn/5078
6 | 13760 | UNITI-FIBER | abuse@slfiber.com,john.carter@uniti.com,paul.imperato@uniti.com,ryan.dunn@uniti.com | https://www.peeringdb.com/asn/13760
6 | 28398 | INTERNET TELEFONIA Y TV DE MICHOACAN SA DE CV | noc@gbic.mx | https://www.peeringdb.com/asn/28398
6 | 204625 | ELEKTRONIK-BOECKER | noc@stefan6.de,as@elektronik-boecker.de,mz@m-m-networks.net,noc@locix.online,noc@m-m-networks.net | https://www.peeringdb.com/asn/204625
6 | 205996 | Interfiber | abuse@interfiber.net,admin@interfiber.net | https://www.peeringdb.com/asn/205996
6 | 199952 | TVT-AS | abuse@tvt-datos.es,cor@tvt-datos.es,tvtorrevieja@tvtorrevieja.com,ripe@tvt-datos.es | https://www.peeringdb.com/asn/199952
6 | 8002 | STEALTH | spandit@stealth.net | https://www.peeringdb.com/asn/8002
6 | 27257 | WEBAIR-INTERNET | andrew.halucha@opti9tech.com,abuse@webair.com | https://www.peeringdb.com/asn/27257
6 | 265680 | HNTELCO S.A | ipadmin@hntelco.com | https://www.peeringdb.com/asn/265680
6 | 51395 | AS-SOFTPLUS | abuse@datasource.ch,noc@datasource.ch,rolf.tschumi@datasource.ch | https://www.peeringdb.com/asn/51395
5 | 39120 | CONVERGENZE-AS | abuse@convergenze.it,conadsl@convergenze.it,info@convergenze.it,rpingar@convergenze.it | https://www.peeringdb.com/asn/39120
5 | 15704 | AS15704 | abuse@masmovil.com,peering@masmovil.com,david.barbarin@masmovil.com,pablo.dosil@masmovil.com,ivan.sevillano@masmovil.com,ripe@masmovil.com | https://www.peeringdb.com/asn/15704
5 | 398578 | VPSIE-INC | network@vpsie.com | https://www.peeringdb.com/asn/398578
5 | 209898 | ungleich-place15 | support@ungleich.ch,nico.schottelius@ungleich.ch | https://www.peeringdb.com/asn/209898
4 | 3326 | Datagroup | abuse@ip.datagroup.ua,noc@ip.datagroup.ua,noc@datagroup.ua,billing@as3326.net,net@datagroup.ua,abuse@as3326.net,noc@as3326.net,peering@as3326.net,postmaster@as3326.net,security@as3326.net,ripe-notify@as3326.net | https://www.peeringdb.com/asn/3326
4 | 5398 | AS5398 | abuse@as5398.com,admin@as5398.com,noc@as5398.com | https://www.peeringdb.com/asn/5398
4 | 6775 | FINK-TELECOM-SERVICES | abuse@fink.org,andreas@fink.org | https://www.peeringdb.com/asn/6775
4 | 8304 | ECRITEL-FRANCE | abuse@ecritel.net,peering@ecritel.net,support.client@ecritel.net,3men@work,noc@ecritel.net | https://www.peeringdb.com/asn/8304
4 | 8368 | BENESOL-BACKBONE | abuse@destiny.be,peering@destiny.be,ripe@benesol.be,info@destiny.be,support@destiny.be,ripe@destiny.be | https://www.peeringdb.com/asn/8368
4 | 8422 | NETCOLOGNE | abuse@netcologne.de,peering@netcologne.de,registry@netcologne.de,madams@netcologne.de,mruesel@netcologne.de | https://www.peeringdb.com/asn/8422
4 | 8823 | AutonomousSystemRockensteinAG | abuse@rockenstein.de,cr-ripe@rockenstein.de,guardian@rockenstein.de | https://www.peeringdb.com/asn/8823
4 | 9063 | SAARGATE-AS | abuse@vsenet.de,ripe@vsenet.de | https://www.peeringdb.com/asn/9063
4 | 9145 | EWETEL | abuse@ewetel.de,peerings@ewetel.de,gerhard.scholz@ewetel.de | https://www.peeringdb.com/asn/9145
4 | 9211 | WORK-AS | abuse@work.de,n@work,noc@work.de | https://www.peeringdb.com/asn/9211
4 | 12329 | TMR | abuse@glasfaser-ruhr.net,info@glasfaser-ruhr.de | https://www.peeringdb.com/asn/12329
4 | 12480 | ASILK | abuse@ilk.net,peering@ilk.net,noc@ilk.net,netmaster@ilk.net,hostmaster@ilk.net,kf-ripe@ilk.net | https://www.peeringdb.com/asn/12480
4 | 12731 | IPHH | abuse@iphh.net,peering@iphh.net,hostmaster@iphh.net,ripe-reg-adm@iphh.net,ak@iphh.net,sp@iphh.net,support@iphh.net | https://www.peeringdb.com/asn/12731
4 | 15547 | NETPLUS | abuse@netplus.ch,noc@netplus.ch | https://www.peeringdb.com/asn/15547
4 | 15743 | NETDE | abuse@net.de,noc@net.de,netmaster@net.de,netmaster@tech.net.de,abuse@tech.net.de | https://www.peeringdb.com/asn/15743
4 | 16024 | GELSEN-NET | noc@gelsen-net.de,bjoern.ferber@gelsen-net.de,kevin.klein@gelsen-net.de,markus.balke@gelsen-net.de | https://www.peeringdb.com/asn/16024
4 | 20278 | NEXEON | ipadmin@nexeontech.com,noc@nexeontech.com,abuse@nexeontech.com | https://www.peeringdb.com/asn/20278
4 | 21859 | ZEN-ECN | gfs-gnoc@zenlayer.com,abuse@zenlayer.com,ipadmin@zenlayer.com,globalnetworkoperationscenter@zenlayer.com | https://www.peeringdb.com/asn/21859
4 | 24429 | Taobao | didong.jc@alibaba-inc.com,ipas@cnnic.cn,anti-spam@list.alibaba-inc.com,yitian.gaoyt@alibaba-inc.com,guowei.pangw@alibaba-inc.com | https://www.peeringdb.com/asn/24429
4 | 25818 | CMCNETWORKS | abuse@cmcnetworks.net,geoff@cmcnetworks.co.za,greg.payne@cmcnetworks.net,ivan.carlos@cmcnetworks.net,geoff@cmcnetworks.net,globaloperations@cmcnetworks.net,ishtiaque.ahmed@cmcnetworks.net | https://www.peeringdb.com/asn/25818
4 | 28748 | ALPHACRON-AS | abuse@alphacron.de,noc@alphacron.de,mp@alphacron.de | https://www.peeringdb.com/asn/28748
4 | 34019 | HIVANE | abuse@hivane.net,peering@,hostmaster@hivane.net,ripe@hivane.net | https://www.peeringdb.com/asn/34019
4 | 34224 | NETERRA-AS | abuse@neterra.net,nmt-ip@neterra.net,ndilkov@neterra.net | https://www.peeringdb.com/asn/34224
4 | 45474 | NEXUSGUARD-AS-AP | abuse@nexusguard.com,infra@nexusguard.com,support@nexusguard.com | https://www.peeringdb.com/asn/45474
4 | 46786 | IPTRANSIT | bk@iptransit.com | https://www.peeringdb.com/asn/46786
4 | 49808 | POWERSPEED-AS | data.isp@energieag.at | https://www.peeringdb.com/asn/49808
4 | 50469 | HESSENKOM-DE | info@hessenkom.de | https://www.peeringdb.com/asn/50469
4 | 57353 | VITROCONNECT-AS | abuse@vitroconnect.de,noc@vitroconnect.de,peering@vitroconnect.de,hostmaster@vitroconnect.de | https://www.peeringdb.com/asn/57353
4 | 59507 | TLN-AS | abuse@terralink.info,hernando@terralink.de,s.haese@terralink.de | https://www.peeringdb.com/asn/59507
4 | 136907 | HWCLOUDS-AS-AP | hwssecurity@huaweicloud.com,wanggang222@huawei.com | https://www.peeringdb.com/asn/136907
4 | 140443 | IDNIC-HERZA-AS-ID | abuse@herza.id,eightyeight@kasablanka,support@herza.id,hostmaster@herza.id | https://www.peeringdb.com/asn/140443
4 | 206295 | MedsiGroup | abuse@medsigroup.ru,noc@medsigroup.ru,lir@medsigroup.ru | https://www.peeringdb.com/asn/206295
4 | 210890 | AS-IT2GO | abuse@as210890.net,info@it2go.eu,info@as210890.net | https://www.peeringdb.com/asn/210890
4 | 263558 | RD TELECOM LTDA -ME |  | https://www.peeringdb.com/asn/263558
4 | 38182 | EXTREMEBB-AS-MY | abuse@extremebb.net,noc@extremebb.net,tac@extremebb.net,netadmin@extremebb.net | https://www.peeringdb.com/asn/38182
4 | 55821 | RADIUSTELECOMS-AS-AP | abuse@radius.ph,corenet.design@radius.ph,d.noc@radius.ph | https://www.peeringdb.com/asn/55821
4 | 64010 | BASICBRIX-AS-AP | abuse@basicbrix.com,admin@basicbrix.com | https://www.peeringdb.com/asn/64010
4 | 17378 | AS17378 | romeo.czumbil@tierpoint.com,brian.cheek@tierpoint.com,abuse@tierpoint.com,jeremy.bussard@tierpoint.com,support@tierpoint.com | https://www.peeringdb.com/asn/17378
4 | 8001 | COLOGIX | mike.jobay@cologix.com,noc@cologix.com,abuse@cologix.com,josh.beck@cologix.com | https://www.peeringdb.com/asn/8001
4 | 40107 | QTS-DFW | abuse@qtsdatacenters.com,arin.admin@qtsdatacenters.com | https://www.peeringdb.com/asn/40107
4 | 46632 | SOUTHWEST-ARKANSAS-TELEPHONE-COOPERATIVE | shanet@swatco.com,noc@swat.coop,abuse@swat.coop,lpowers@swat.coop,hostmaster@swat.coop | https://www.peeringdb.com/asn/46632
4 | 49585 | COREROUTE-AS | abuse@coreroute.de,noc@coreroute.de | https://www.peeringdb.com/asn/49585
4 | 42910 | PREMIERDC-VERI-MERKEZI-ANONIM-SIRKETI | abuse@sh.com.tr,ipadm@sh.com.tr,ripe@sh.com.tr,noc@sh.com.tr | https://www.peeringdb.com/asn/42910
4 | 39020 | COMVIVE-AS | abuse@comvive.com,peering@comvive.com,dsalamanca@comvive.com | https://www.peeringdb.com/asn/39020
4 | 43160 | ES-MDC-DATACENTER | abuse@malagadatacenter.com,info@malagadatacenter.com,jls@malagadatacenter.com,jrm@malagadatacenter.com | https://www.peeringdb.com/asn/43160
4 | 203936 | AS-MISMENET | blacklist@wiber.es,info@wiber.es | https://www.peeringdb.com/asn/203936
4 | 210350 | CIVICOS | ripe@civicos.com,comercial@civicos.com,soporte@civicos.com | https://www.peeringdb.com/asn/210350
4 | 61461 | Airtek Solutions C.A. | noc@airtek.com.ve,abuse@airtek.com.ve | https://www.peeringdb.com/asn/61461
4 | 45630 | FIBRECOMM-MY | abuse@fibrecomm.net.my,nocfcn@fibrecomm.net.my,suhaimib@fibrecomm.net.my | https://www.peeringdb.com/asn/45630
4 | 16708 | TELCOM-SYSTEMS | isp@telcomsys.net | https://www.peeringdb.com/asn/16708
4 | 56910 | LamdaHellix | gr-net@digitalrealty.com,noc@lamdahellix.com | https://www.peeringdb.com/asn/56910
4 | 15517 | NETSTREAM-CH | abuse@netstream.ch,peering@noc.netstream.ch,noc@noc.netstream.ch,admin@netstream.ch | https://www.peeringdb.com/asn/15517
4 | 29655 | TRENKA | admin@trenka.ch,noc@trenka.ch | https://www.peeringdb.com/asn/29655
4 | 31662 | KNSurselva | abuse@connecta.net,peering@connecta.net,technic@connecta.net,ripe@connecta.net | https://www.peeringdb.com/asn/31662
4 | 199662 | EXION | g.massarotto@exion.ch | https://www.peeringdb.com/asn/199662
4 | 202194 | EDSI-Tech | abuse@edsi-tech.com,noc@edsi-tech.com,contact@edsi-tech.com | https://www.peeringdb.com/asn/202194
4 | 3356 | LEVEL3 | abuse@aup.lumen.com,ipadmin@lumen.com,abuse@level3.com | https://www.peeringdb.com/asn/3356
3 | 945 | 8964 | noc@dev.tw | https://www.peeringdb.com/asn/945
3 | 6204 | ZET-NET | abuse@zet.net,peering@zet.net,noc@zet.net,contact@zetservers.com | https://www.peeringdb.com/asn/6204
3 | 29226 | MASTERTEL-AS | noc@mastertel.ru,peering@mastertel.ru,abuse@mastertel.ru,postmaster@mastertel.ru,support@mastertel.ru,voice@mastertel.ru | https://www.peeringdb.com/asn/29226
3 | 39279 | CTS-MD | abuse@itsec.md,noc@stisc.gov.md,cts@cts.md,marin.iepure@stisc.gov.md | https://www.peeringdb.com/asn/39279
3 | 43372 | TELNAP | abuse@telnaptelecom.pl,administrator@telnaptelecom.pl | https://www.peeringdb.com/asn/43372
3 | 201962 | RSM-CONNECT-AS | ip-abuse@rsm-connect.net,support@rsm-freilassing.de | https://www.peeringdb.com/asn/201962
3 | 203015 | smccnet-as | abuse@smcc.net,info@smcc.net,hostmaster@smcc.net | https://www.peeringdb.com/asn/203015
3 | 202673 | OHZ | abuse@ohz.es,soporte@ohz.es,oihalitz@ohz.es | https://www.peeringdb.com/asn/202673
2 | 3252 | FBRX-AS | abuse@fiberax.com,ripe@fiberax.com,support@fiberax.com | https://www.peeringdb.com/asn/3252
2 | 5605 | NETUSE | abuse@netuse.de,peering@netuse.de,ripe@netuse.de,rk@netuse.de | https://www.peeringdb.com/asn/5605
2 | 6206 | NETROUTING-AS | abuse@netrouting.com,sales@netrouting.com,netops@colohouse.com | https://www.peeringdb.com/asn/6206
2 | 7195 | EDGEUNO SAS | mehmet@edgeuno.com,tiago.setti@edgeuno.com | https://www.peeringdb.com/asn/7195
2 | 8717 | A1BG | ripe.abuse@a1.bg,lir@a1.bg | https://www.peeringdb.com/asn/8717
2 | 8757 | NSFOCUS | abuse@nsfocusglobal.com,ipmgmt@nsfocusglobal.com,noc@nsfocusglobal.com | https://www.peeringdb.com/asn/8757
2 | 10158 | KAKAO-10158-AS-KR | network@kakaocorp.com | https://www.peeringdb.com/asn/10158
2 | 12189 | AS12189 | ipadmin@phoenixnap.com,abuse@phoenixnap.com,brianmu@phoenixnap.com,jonb@phoenixnap.com,adrianm@phoenixnap.com | https://www.peeringdb.com/asn/12189
2 | 13002 | ISIX-AS | abuse@i6c.co.uk,support@i6c.co.uk,noc@i6c.co.uk,peering@i6c.co.uk,info@i6c.co.uk | https://www.peeringdb.com/asn/13002
2 | 13132 | CYBERWAYS-AS | registry@cyberways.net,peering@cyberways.net,hostmaster@cyberways.net | https://www.peeringdb.com/asn/13132
2 | 13157 | GOPAS-AS | abuse@gopas.de,hostmaster@gopas.de,paganetti@gopas.de,hostmaster@iphh.net | https://www.peeringdb.com/asn/13157
2 | 15933 | ITH | lir@ithnet.com,noc@ithnet.com,peering@ithnet.com,abuse@ithnet.com,skraw@ithnet.com | https://www.peeringdb.com/asn/15933
2 | 18403 | FPT-AS-AP | abuse@fpt.net,ftel.noc.net@fpt.com,phuongld@fpt.com | https://www.peeringdb.com/asn/18403
2 | 20792 | VISTEC-AS | vistec@vistec.net,admin@vistec.net | https://www.peeringdb.com/asn/20792
2 | 20847 | PREVIDER-AS | abuse@previder.net,peering@previder.net,ripe-lir@previder.net | https://www.peeringdb.com/asn/20847
2 | 20853 | ETOP-AS | abuse@etop.pl,konrad.olszewski@etop.pl,k@etop.pl,csl@csl.pl | https://www.peeringdb.com/asn/20853
2 | 21030 | CDNNOW-AS | abuse@docker.ru,noc@cdnnow.ru,ripe@docker.ru,noc@docker.ru | https://www.peeringdb.com/asn/21030
2 | 24723 | ATMAN-OFFICE-INTERNET-AS | abuse@atman.pl,registry@atm.com.pl,noc@atman.pl,registry@atman.pl | https://www.peeringdb.com/asn/24723
2 | 25394 | MK-NETZDIENSTE-AS | abuse@mk-netzdienste.de,peering@mk-netzdienste.de,info@mk.de,postmaster@mk-netzdienste.de,noc@mk-netzdienste.de | https://www.peeringdb.com/asn/25394
2 | 25560 | RHTEC-AS | abuse@rh-tec.de,noc@rh-tec.de,peering@rh-tec.de,lir@rh-tec.de,hostmaster@rh-tec.de,ripe@rh-tec.de,info@rh-tec.de | https://www.peeringdb.com/asn/25560
2 | 28283 | Adylnet Telecom | n3@adyl.net.br | https://www.peeringdb.com/asn/28283
2 | 28725 | CETIN-AS | abuse@cetin.cz,lir@cetin.cz,hostmaster@nospam.cetin.cz | https://www.peeringdb.com/asn/28725
2 | 29405 | VNET-AS | abuse@vnet.sk,peering@vnet.eu,vnet@vnet.sk | https://www.peeringdb.com/asn/29405
2 | 31029 | M-REAL | lir@a1.bg,dankova@abv.bg,dimo.dimitrov@m-real.net,popov@spnet.net | https://www.peeringdb.com/asn/31029
2 | 31229 | PL-BEYOND-AS | abuse@beyond.pl,noc@beyond.pl,ripe@beyond.pl | https://www.peeringdb.com/asn/31229
2 | 31510 | IKB-AS | abuse@ikbnet.at,root@ikbnet.at,ripe@ikbnet.at,noc@ikbnet.at | https://www.peeringdb.com/asn/31510
2 | 35179 | KORBANK-AS | abuse@korbank.pl,ripe@korbank.pl,info@korbank.pl,konrad.kreciwilk@korbank.pl,tymoteusz.bilyk@korbank.pl | https://www.peeringdb.com/asn/35179
2 | 35213 | COMPNETUA-AS | abuse@kahovka.net,office@kahovka.net,noc@as35213.com | https://www.peeringdb.com/asn/35213
2 | 41275 | LEALTA-AS | abuse@lovit.ru,ripe-notify@lovit.ru,ripe@lovit.ru | https://www.peeringdb.com/asn/41275
2 | 49800 | GNC-ALFA | abuse@gnc.am,info@gnc.am,m.khachatryan@gnc.am | https://www.peeringdb.com/asn/49800
2 | 50245 | SERVEREL-AS | abuse@serverel.com,noc@serverel.com | https://www.peeringdb.com/asn/50245
2 | 55805 | MOBICOM-AS-MN | abuse@mobicom.mn,noc_ipn@mobicom.mn,peering@mobicom.mn,bolortuya.e@mobicom.mn | https://www.peeringdb.com/asn/55805
2 | 56630 | MELBICOM-EU-AS | abuse@melbicom.net,info@melbicom.net | https://www.peeringdb.com/asn/56630
2 | 57695 | MISAKA | abuse@misaka.email,peering@misaka.io,noc@misaka.io | https://www.peeringdb.com/asn/57695
2 | 58010 | UVENSYS | abuse@uvensys.de,support@uvensys.de,carrier@uvensys.de,v.lieder@uvensys.de | https://www.peeringdb.com/asn/58010
2 | 59624 | KIAE-COMPUTING-AS | ip-box@ripn.net,noc@kiae.ru,noc@computing.kiae.ru,andssh@gmail.com | https://www.peeringdb.com/asn/59624
2 | 59675 | MYWIRENET-AS | abuse@my-wire.de,noc@my-wire.de,legal@my-wire.de | https://www.peeringdb.com/asn/59675
2 | 60051 | Earthlink-dmcc | abuse@earthlink.iq,sadeer@earthlinktele.com | https://www.peeringdb.com/asn/60051
2 | 60169 | GFIT-AS | noc@ip.g-fit.de,peering@ip.g-fit.de,ipnoc@g-fit.de,noc@r-kom.de | https://www.peeringdb.com/asn/60169
2 | 62365 | DESANET-AS | ripe-abuse@isp-desanet.de,ripe-admin@isp-desanet.de | https://www.peeringdb.com/asn/62365
2 | 139057 | LDPL-AS-AP | ip_admin@edgenext.com | https://www.peeringdb.com/asn/139057
2 | 196610 | DECIX-Academy | abuse@de-cix.net,info@de-cix.net,support@de-cix.net,notify@de-cix.net | https://www.peeringdb.com/asn/196610
2 | 196954 | epcan | abuse@epcan.de,nw@epcan.de | https://www.peeringdb.com/asn/196954
2 | 197637 | ROPA | ripe@ropa.de,noc@ropa.de,ripe-db@ropa.de,backbone@ropa.de | https://www.peeringdb.com/asn/197637
2 | 201494 | MODULUS | abuse@modulus.gr,ripe@modulus.gr,noc@modulus.gr | https://www.peeringdb.com/asn/201494
2 | 202566 | questnet-main | noc@questnet.de,rk@questnet.de | https://www.peeringdb.com/asn/202566
2 | 203536 | AS-FNOH-DE | support@fnoh.de,technik@fnoh.de | https://www.peeringdb.com/asn/203536
2 | 205112 | PHILUNET | abuse@philunet.de,info@philunet.de,noc@philunet.de | https://www.peeringdb.com/asn/205112
2 | 207701 | DataGrid | abuse@talia.net,lir@talia.net,richo.dait@datagrid.network | https://www.peeringdb.com/asn/207701
2 | 265038 | JNET PROVEDORES DE INTERNET LTDA |  | https://www.peeringdb.com/asn/265038
2 | 398042 | IXPANSE | gabe@rtegroup.com | https://www.peeringdb.com/asn/398042
2 | 134202 | EWORLD-AS-AP | nocsupport@eworld.com.my,johnjg@eworld.com.my,raymond@eworld.com.my | https://www.peeringdb.com/asn/134202
2 | 140627 | ONEQODEASSETS-AS-AP | noc@oneqode.com.au,hello@oneqode.com.au,complaints@oneqode.com.au | https://www.peeringdb.com/asn/140627
2 | 208591 | aitire | abuse@aitire.es,administracion@aitire.es | https://www.peeringdb.com/asn/208591
2 | 10242 | USINTERNET | clubarski@usinternet.com,hostmaster@usinternet.com,jkrejci@usinternet.com,jmcnab@usinternet.com | https://www.peeringdb.com/asn/10242
2 | 394968 | QTS-CHI | arin.admin@qtsdatacenters.com,abuse@qtsdatacenters.com | https://www.peeringdb.com/asn/394968
2 | 62648 | MBLINKTX-ASN | dwight.thomasjr@gmail.com | https://www.peeringdb.com/asn/62648
2 | 200781 | TAMPNET-AS | abuse@tampnet.com,peering@tampnet.com,routing@tampnet.com,info@tampnet.com | https://www.peeringdb.com/asn/200781
2 | 395301 | RESOUND-NET | infringement@resoundnetworks.com,chris.grammer@resoundnetworks.com | https://www.peeringdb.com/asn/395301
2 | 34924 | Pankerl-Media | abuse@pankerl-media.net,noc@pankerl-media.net | https://www.peeringdb.com/asn/34924
2 | 38230 | NAVICENET-AS-AP | abuse@navice.eu,noc@navice.eu | https://www.peeringdb.com/asn/38230
2 | 52112 | GENTLENT-AS | abuse@kleinholding.com,support@gentlent.com,tom@kleinholding.com | https://www.peeringdb.com/asn/52112
2 | 61218 | AS61218 | abuse@4b42.com,info@4b42.com,noc@4b42.com | https://www.peeringdb.com/asn/61218
2 | 25145 | AS-TEKNOTEL | abuse@teknotel.com,ripeadmin@teknotel.com,mehmet.komaz@teknotel.com,ripetech@teknotel.com | https://www.peeringdb.com/asn/25145
2 | 51095 | E1-EMEA | abuse@edgeuno.com,mehmet@edgeuno.com | https://www.peeringdb.com/asn/51095
2 | 39691 | GDNET | abuse@hospedados.com,admin@hospedados.es | https://www.peeringdb.com/asn/39691
2 | 45037 | Hispaweb-Network | abuse@hispaweb.net,juan@hispaweb.net,soporte@hispaweb.net | https://www.peeringdb.com/asn/45037
2 | 59432 | GINERNET | abuse@ginernet.com,soporte@ginernet.com,jm@ginernet.com | https://www.peeringdb.com/asn/59432
2 | 197518 | RACKMARKT | ripe@rackmarkt.com,carlos@moio.es | https://www.peeringdb.com/asn/197518
2 | 199226 | Cablemel-AS | ripe@cablemel.es,ingcablemel@grupogaselec.es | https://www.peeringdb.com/asn/199226
2 | 202087 | AJSEGIB-AS | abuse@gibfibrespeed.net,networkteam@gibfibre.com,ripe@gibfibre.com,admin@ajsheriffelectrical.com | https://www.peeringdb.com/asn/202087
2 | 202829 | WSP-AS1 | luissanchezmartin@hotmail.es | https://www.peeringdb.com/asn/202829
2 | 203099 | LOADFRONT | abuse@loadfront.com,info@loadfront.com,vroman@loadfront.com | https://www.peeringdb.com/asn/203099
2 | 12611 | RKOM | abuse@r-kom.de,peering@r-kom.de,noc@r-kom.de | https://www.peeringdb.com/asn/12611
2 | 4258 | ATG-4258 | neteng@accretive-networks.com,abuse@accretive-networks.com | https://www.peeringdb.com/asn/4258
2 | 18616 | NATURALWIRELESS | noc@naturalwireless.com | https://www.peeringdb.com/asn/18616
2 | 22742 | CT-EDU-NET | rafael.morales@uconn.edu,michael.pennington@uconn.edu,rick.cheung@uconn.edu,ch@uconn.edu,christopher.tingley@uconn.edu,noc@cteducation.net,abuse@cteducation.net | https://www.peeringdb.com/asn/22742
2 | 27611 | STARRY-NY | arin@starry.com | https://www.peeringdb.com/asn/27611
2 | 62594 | PDT | sean@pdtpartners.com,pyoon@pdtpartners.com,riad@pdtpartners.com | https://www.peeringdb.com/asn/62594
2 | 398698 | NETASSIST | noc@netassist.ua | https://www.peeringdb.com/asn/398698
2 | 26202 | KINEX-NETWORKING | admin@kinex.net | https://www.peeringdb.com/asn/26202
2 | 395100 | RVBA2016 | jbandy@highspeedroanoke.net,emuller@myriad360.com | https://www.peeringdb.com/asn/395100
2 | 328528 | NetIT-Solutions | abadmus@netit.com.ng,bbadmus@netit.com.ng,emailus@netit.com.ng,support@netit.com.ng | https://www.peeringdb.com/asn/328528
2 | 6853 | ORANGE-BUSINESS-SERVICES-SOUTHEUR | soc@orange.com,noc.peering@orange.com,peering@orange.com,internet.admin@orange.com,etienne.lavaux@orange.com | https://www.peeringdb.com/asn/6853
2 | 16242 | AS-NEXTRA | matthias@hertzog.ch | https://www.peeringdb.com/asn/16242
2 | 20634 | TELECOM-LI | abuse@telecom.li,hostmaster@telecom.li | https://www.peeringdb.com/asn/20634
2 | 24951 | EVERYWARE-NET | abuse@everyware.ch,noc@everyware.ch | https://www.peeringdb.com/asn/24951
2 | 42346 | AS-TINEO | abuse@northcdatacenters.ch,noc@northcdatacenters.ch,abuse@tineo.ch,noc@tineo.ch | https://www.peeringdb.com/asn/42346
2 | 48885 | NEOCARRIER | abuse@neocarrier.com,ga@neocarrier.com,network@neocarrier.com,peering@neocarrier.com,info@neocarrier.com | https://www.peeringdb.com/asn/48885
2 | 48971 | DATAWIRE-AS | abuse@datawire.ch,solutions@datawire.ch,noc@datawire.ch | https://www.peeringdb.com/asn/48971
2 | 59622 | TVFACTORY-AS | amat@tvfactory.ch | https://www.peeringdb.com/asn/59622
1 | 13287 | NIXVAL | abuse@nixval.com,soporte247@nixval.com,info@nixval.com,noc@nixval.com,peering@nixval.com | https://www.peeringdb.com/asn/13287
1 | 26667 | RUBICONPROJECT | eng-net@magnite.com | https://www.peeringdb.com/asn/26667
1 | 32425 | SKB3-ARIN-BGP | scott@pixelfactorydc.com | https://www.peeringdb.com/asn/32425
1 | 61955 | ColocationIX-AS | colocationix.abuse@colocationix.net,hostmaster@consultix.net,hostmaster@colocationix.net | https://www.peeringdb.com/asn/61955
1 | 39328 | Sisnet | sissecur@sisasesores.com,peslava@sisnet.com.es | https://www.peeringdb.com/asn/39328
1 | 206818 | zilean | abuse@zilean.es,jordi.campos@zilean.es | https://www.peeringdb.com/asn/206818
1 | 211826 | ISTQSERVERS-AS | abuse@istqservers.com,asn@istqservers.com | https://www.peeringdb.com/asn/211826
1 | 213138 | alfanetwork | roman_romanovv@mail.ru,rr@alfa-network.net | https://www.peeringdb.com/asn/213138
1 | 19689 | MST-AS | alan@nuvisions.net | https://www.peeringdb.com/asn/19689
1 | 22422 | BOARD-OF-ELECTIONS-IN-THE-CITY-OF-NEW-YORK | yu@boenyc.us | https://www.peeringdb.com/asn/22422
1 | 44938 | ITESYS-AS | infrastructure@itesys.ch | https://www.peeringdb.com/asn/44938
